date,code,open,close,high,2nd_min_price,lowest_price,lowest_prediction
2022-05-13 09:00:00,HDC,53.8,53.0,54.5,51.7,51.6,0.0
2022-05-13 10:00:00,HDC,53.2,54.2,54.9,53.0,52.9,51.6
2022-05-13 11:00:00,HDC,54.2,52.9,54.2,52.7,52.5,52.25
2022-05-13 13:00:00,HDC,52.9,52.0,54.3,50.2,50.1,52.333333333333336
2022-05-13 14:00:00,HDC,52.0,50.1,52.4,50.2,50.1,51.775
2022-05-16 09:00:00,HDC,52.0,52.7,53.6,52.0,51.9,51.44
2022-05-16 10:00:00,HDC,52.6,50.7,52.7,50.2,50.1,51.24
2022-05-16 11:00:00,HDC,50.8,51.6,52.2,50.4,50.3,50.76
2022-05-16 13:00:00,HDC,51.6,51.0,52.0,50.0,49.8,50.5
2022-05-16 14:00:00,HDC,51.1,50.2,52.3,50.2,50.1,50.08
2022-05-17 09:00:00,HDC,50.1,51.7,51.8,50.1,50.0,50.08
2022-05-17 10:00:00,HDC,51.7,52.5,52.9,51.8,51.7,50.44
2022-05-17 11:00:00,HDC,52.5,52.6,52.6,52.2,52.0,51.6
2022-05-17 13:00:00,HDC,52.7,53.7,53.7,52.8,52.7,52.18
2022-05-17 14:00:00,HDC,53.7,53.7,53.7,53.7,53.7,52.34
2022-05-18 09:00:00,HDC,55.0,56.9,57.2,55.1,55.0,52.68
2022-05-18 10:00:00,HDC,56.9,56.3,57.1,56.1,56.0,53.14
2022-05-18 11:00:00,HDC,56.4,56.8,56.8,56.2,56.0,54.02
2022-05-18 13:00:00,HDC,56.8,56.2,57.4,56.1,56.0,54.72
2022-05-18 14:00:00,HDC,56.2,55.6,56.3,55.8,55.6,55.18
2022-05-19 09:00:00,HDC,54.4,55.0,56.1,53.6,53.4,53.94
2022-05-19 10:00:00,HDC,55.0,55.3,56.0,54.8,54.5,55.2
2022-05-19 11:00:00,HDC,55.4,55.7,55.8,55.4,55.3,55.42
2022-05-19 13:00:00,HDC,55.7,55.6,56.7,55.5,55.4,55.48
2022-05-19 14:00:00,HDC,55.6,56.1,56.3,55.4,55.3,55.16
2022-05-20 09:00:00,HDC,56.5,58.5,58.5,56.2,56.1,55.66
2022-05-20 10:00:00,HDC,58.4,59.0,59.0,58.1,58.0,55.82
2022-05-20 11:00:00,HDC,59.0,58.6,59.5,58.7,58.6,56.42
2022-05-20 13:00:00,HDC,58.7,58.7,59.1,57.4,57.3,56.94
2022-05-20 14:00:00,HDC,58.6,58.8,59.1,58.5,58.1,57.2
2022-05-23 09:00:00,HDC,60.0,58.9,60.0,58.8,58.6,57.62
2022-05-23 10:00:00,HDC,58.6,59.0,59.8,58.9,58.6,58.12
2022-05-23 11:00:00,HDC,59.0,58.8,59.2,58.8,58.7,58.38
2022-05-23 13:00:00,HDC,58.8,57.6,59.0,57.9,57.6,58.14
2022-05-23 14:00:00,HDC,57.0,54.7,57.8,54.8,54.7,55.66
2022-05-24 09:00:00,HDC,55.0,55.1,55.8,54.5,54.4,54.78
2022-05-24 10:00:00,HDC,55.1,55.4,55.6,54.7,54.5,54.58
2022-05-24 11:00:00,HDC,55.4,55.6,55.9,55.6,55.4,55.22
2022-05-24 13:00:00,HDC,55.7,53.8,55.7,53.1,53.0,53.86
2022-05-24 14:00:00,HDC,53.8,58.0,58.0,53.5,53.4,54.72
2022-05-25 09:00:00,HDC,58.2,58.7,59.9,58.3,58.2,58.4
2022-05-25 10:00:00,HDC,58.7,58.1,59.1,57.9,57.8,57.92
2022-05-25 11:00:00,HDC,58.1,58.9,59.2,58.1,58.0,57.88
2022-05-25 13:00:00,HDC,59.0,60.1,61.5,59.1,59.0,58.54
2022-05-25 14:00:00,HDC,60.2,60.9,61.3,60.2,60.1,58.7
2022-05-26 09:00:00,HDC,61.0,61.7,62.5,60.7,60.6,58.980000000000004
2022-05-26 10:00:00,HDC,61.7,62.4,63.0,61.9,61.7,59.38
2022-05-26 11:00:00,HDC,62.5,63.1,63.5,62.4,62.3,60.0
2022-05-26 13:00:00,HDC,63.1,62.5,63.4,61.8,61.7,60.74
2022-05-26 14:00:00,HDC,62.5,62.3,62.9,62.0,61.9,61.28
2022-05-27 09:00:00,HDC,62.8,62.6,63.0,62.2,62.1,61.64
2022-05-27 10:00:00,HDC,62.5,62.5,63.5,62.5,62.4,61.94
2022-05-27 11:00:00,HDC,62.5,62.8,62.9,62.6,62.5,62.08
2022-05-27 13:00:00,HDC,62.9,62.3,62.9,62.2,62.0,62.12
2022-05-27 14:00:00,HDC,62.4,62.5,63.2,62.4,62.3,62.18
2022-05-30 09:00:00,HDC,63.0,62.5,63.0,61.9,61.8,62.0
2022-05-30 10:00:00,HDC,62.6,62.5,63.5,62.4,62.3,62.32
2022-05-30 11:00:00,HDC,62.5,62.6,62.6,62.4,62.3,62.16
2022-05-30 13:00:00,HDC,62.6,62.9,63.2,62.5,62.4,62.32
2022-05-30 14:00:00,HDC,62.8,62.5,63.0,62.6,62.5,62.26
2022-05-31 09:00:00,HDC,62.0,62.6,62.6,61.6,61.5,62.06
2022-05-31 10:00:00,HDC,62.5,62.2,62.6,61.9,61.8,61.9
2022-05-31 11:00:00,HDC,62.2,62.3,62.5,62.2,62.1,61.839999999999996
2022-05-31 13:00:00,HDC,62.2,61.4,62.3,61.3,61.2,61.58
2022-05-31 14:00:00,HDC,61.4,61.0,61.5,60.6,60.5,61.04
2022-06-01 09:00:00,HDC,61.0,61.5,62.0,61.1,61.0,60.78
2022-06-01 10:00:00,HDC,61.5,60.5,61.5,60.1,60.0,60.68
2022-06-01 11:00:00,HDC,60.4,60.6,60.6,59.4,59.3,59.64
2022-06-01 13:00:00,HDC,60.6,60.3,61.0,60.0,59.9,59.78
2022-06-01 14:00:00,HDC,60.6,61.0,61.3,60.4,60.3,60.3
2022-06-02 09:00:00,HDC,61.0,61.5,61.5,60.9,60.8,60.5
2022-06-02 10:00:00,HDC,61.6,61.2,62.4,61.1,61.0,60.82
2022-06-02 11:00:00,HDC,61.5,61.4,61.7,61.3,61.2,60.9
2022-06-02 13:00:00,HDC,61.4,61.2,61.5,60.8,60.7,60.76
2022-06-02 14:00:00,HDC,61.3,59.5,61.3,60.0,59.5,60.0
2022-06-03 09:00:00,HDC,59.5,59.8,60.1,59.5,59.4,59.08
2022-06-03 10:00:00,HDC,59.8,59.3,60.0,59.3,59.2,58.78
2022-06-03 11:00:00,HDC,59.4,59.0,59.5,59.1,59.0,58.74
2022-06-03 13:00:00,HDC,59.0,59.5,59.7,58.2,58.1,58.4
2022-06-03 14:00:00,HDC,59.5,60.2,60.2,59.4,59.0,59.18
2022-06-06 09:00:00,HDC,60.8,59.5,60.9,59.2,59.1,59.3
2022-06-06 10:00:00,HDC,59.5,59.9,60.3,59.6,59.5,59.18
2022-06-06 11:00:00,HDC,60.0,60.2,60.2,60.0,59.9,59.42
2022-06-06 13:00:00,HDC,60.1,59.9,60.7,59.8,59.6,59.6
2022-06-06 14:00:00,HDC,59.9,57.0,59.9,58.7,57.0,58.26
2022-06-07 09:00:00,HDC,56.0,56.9,58.5,56.1,56.0,55.82
2022-06-07 10:00:00,HDC,56.5,54.8,56.5,54.1,54.0,54.4
2022-06-07 11:00:00,HDC,54.5,55.1,55.4,53.9,53.5,53.94
2022-06-07 13:00:00,HDC,55.1,55.0,55.3,54.6,54.5,54.44
2022-06-07 14:00:00,HDC,55.0,56.2,56.8,55.0,54.9,55.1
2022-06-08 09:00:00,HDC,57.2,57.5,58.0,56.7,56.6,56.02
2022-06-08 10:00:00,HDC,57.7,58.1,58.4,57.6,57.5,57.46
2022-06-08 11:00:00,HDC,58.1,58.5,58.5,58.0,57.8,57.88
2022-06-08 13:00:00,HDC,58.5,60.1,60.1,58.7,58.5,58.92
2022-06-08 14:00:00,HDC,60.1,60.1,60.1,59.5,59.4,59.48
2022-06-09 09:00:00,HDC,60.5,61.8,62.5,60.6,60.5,60.74
2022-06-09 10:00:00,HDC,61.8,61.2,61.9,61.1,61.0,60.92
2022-06-09 11:00:00,HDC,61.3,61.2,61.5,61.2,61.1,60.84
2022-06-09 13:00:00,HDC,61.2,60.5,61.3,60.3,60.2,60.28
2022-06-09 14:00:00,HDC,60.6,61.0,61.3,60.6,60.5,60.38
2022-06-10 09:00:00,HDC,60.3,61.4,61.5,60.3,60.1,60.44
2022-06-10 10:00:00,HDC,60.9,60.9,61.5,60.7,60.6,60.56
2022-06-10 11:00:00,HDC,60.9,60.9,61.1,60.8,60.7,60.52
2022-06-10 13:00:00,HDC,60.9,60.1,60.9,60.2,60.1,59.84
2022-06-10 14:00:00,HDC,60.2,59.3,60.4,59.1,59.0,59.18
2022-06-13 09:00:00,HDC,56.0,56.4,57.0,56.1,56.0,55.74
2022-06-13 10:00:00,HDC,56.3,56.4,57.7,56.2,56.1,56.0
2022-06-13 11:00:00,HDC,56.4,56.1,56.4,55.6,55.5,55.66
2022-06-13 13:00:00,HDC,56.0,55.4,56.1,55.3,55.2,55.4
2022-06-13 14:00:00,HDC,55.4,55.2,55.5,55.3,55.2,54.839999999999996
2022-06-14 09:00:00,HDC,52.6,53.9,55.2,52.7,52.6,52.68
2022-06-14 10:00:00,HDC,53.9,54.5,54.9,53.9,53.8,53.6
2022-06-14 11:00:00,HDC,54.5,54.8,55.6,54.6,54.5,54.28
2022-06-14 13:00:00,HDC,54.8,54.7,55.8,54.2,54.1,54.06
2022-06-14 14:00:00,HDC,54.7,53.3,55.2,53.0,52.8,52.76
2022-06-15 09:00:00,HDC,53.4,52.0,54.0,52.1,52.0,51.62
2022-06-15 10:00:00,HDC,52.0,50.5,52.0,49.65,49.6,50.08
2022-06-15 11:00:00,HDC,50.5,50.5,50.7,49.65,49.6,49.96
2022-06-15 13:00:00,HDC,50.5,49.6,50.5,49.65,49.6,49.84
2022-06-15 14:00:00,HDC,49.6,49.6,50.0,49.65,49.6,49.82
2022-06-16 09:00:00,HDC,53.0,50.5,53.0,50.6,50.5,49.94
2022-06-16 10:00:00,HDC,50.5,50.6,51.0,50.2,50.1,49.82
2022-06-16 11:00:00,HDC,50.6,50.2,50.7,50.2,50.1,49.800000000000004
2022-06-16 13:00:00,HDC,50.4,49.6,50.9,48.8,48.5,49.800000000000004
2022-06-16 14:00:00,HDC,49.6,46.15,49.9,46.5,46.15,49.480000000000004
2022-06-17 09:00:00,HDC,43.3,43.15,45.0,43.0,42.95,48.69
2022-06-17 10:00:00,HDC,43.1,42.95,43.3,43.0,42.95,47.36
2022-06-17 11:00:00,HDC,42.95,42.95,43.0,43.0,42.95,46.03
2022-06-17 13:00:00,HDC,42.95,42.95,43.0,43.0,42.95,42.95
2022-06-17 14:00:00,HDC,42.95,42.95,43.0,43.0,42.95,42.95
2022-06-20 09:00:00,HDC,42.5,40.6,43.5,40.1,40.05,42.95
2022-06-20 10:00:00,HDC,40.6,40.7,41.95,40.0,39.95,42.370000000000005
2022-06-20 11:00:00,HDC,42.0,40.75,42.0,40.75,40.7,41.77
2022-06-20 13:00:00,HDC,40.6,40.0,40.85,40.0,39.95,41.32
2022-06-20 14:00:00,HDC,40.0,39.95,40.6,40.0,39.95,40.72
2022-06-21 09:00:00,HDC,31.5,33.6,34.0,31.6,31.5,40.120000000000005
2022-06-21 10:00:00,HDC,33.5,32.95,33.5,32.7,32.65,38.410000000000004
2022-06-21 11:00:00,HDC,32.7,32.65,32.75,32.55,32.5,36.800000000000004
2022-06-21 13:00:00,HDC,32.65,31.5,33.0,31.05,31.0,35.31
2022-06-21 14:00:00,HDC,31.5,29.75,31.8,29.8,29.75,33.52
2022-06-22 09:00:00,HDC,29.8,30.0,30.95,29.4,29.2,31.48
2022-06-22 10:00:00,HDC,30.0,31.8,31.8,30.05,30.0,30.79
2022-06-22 11:00:00,HDC,31.8,31.8,31.8,31.8,31.8,31.53
2022-06-22 13:00:00,HDC,31.8,31.8,31.8,31.8,31.8,31.8
2022-06-22 14:00:00,HDC,31.8,31.8,31.8,31.8,31.8,31.8
2022-06-23 09:00:00,HDC,33.0,32.8,33.5,32.55,32.5,31.89
2022-06-23 10:00:00,HDC,32.9,33.45,34.0,32.75,32.7,32.03
2022-06-23 11:00:00,HDC,33.4,33.85,33.85,33.45,33.4,32.37
2022-06-23 13:00:00,HDC,33.85,34.0,34.0,33.6,33.5,32.75
2022-06-23 14:00:00,HDC,34.0,34.0,34.0,34.0,34.0,32.95
2022-06-24 09:00:00,HDC,34.6,36.35,36.35,34.35,34.25,33.25
2022-06-24 10:00:00,HDC,36.35,36.35,36.35,36.35,36.35,33.57
2022-06-24 11:00:00,HDC,36.35,36.35,36.35,36.35,36.35,36.35
2022-06-24 13:00:00,HDC,36.35,36.35,36.35,36.35,36.35,36.35
2022-06-24 14:00:00,HDC,36.35,36.35,36.35,35.6,35.55,35.46
2022-06-27 09:00:00,HDC,36.0,37.0,37.95,35.75,35.7,35.77
2022-06-27 10:00:00,HDC,37.3,37.0,37.5,36.85,36.8,36.06
2022-06-27 11:00:00,HDC,37.0,37.2,37.2,37.0,36.95,36.31
2022-06-27 13:00:00,HDC,37.2,38.0,38.3,37.3,37.2,36.43
2022-06-27 14:00:00,HDC,38.0,37.5,38.2,37.8,37.5,36.6
2022-06-28 09:00:00,HDC,37.5,37.3,38.0,36.9,36.85,36.83
2022-06-28 10:00:00,HDC,37.3,37.2,37.6,36.6,36.5,37.06
2022-06-28 11:00:00,HDC,37.3,37.3,37.6,37.3,37.2,36.86
2022-06-28 13:00:00,HDC,37.3,38.4,38.9,37.3,37.25,37.050000000000004
2022-06-28 14:00:00,HDC,38.2,37.8,38.6,37.85,37.8,37.2
2022-06-29 09:00:00,HDC,37.8,37.65,38.1,36.9,36.8,37.050000000000004
2022-06-29 10:00:00,HDC,37.85,37.35,37.95,37.35,37.3,37.03
2022-06-29 11:00:00,HDC,37.3,36.85,37.35,36.65,36.6,36.86
2022-06-29 13:00:00,HDC,36.85,37.7,37.7,36.75,36.7,36.86
2022-06-29 14:00:00,HDC,37.7,38.35,38.7,37.7,37.65,37.31
2022-06-30 09:00:00,HDC,38.4,38.35,38.6,38.05,38.0,37.5
2022-06-30 10:00:00,HDC,38.4,38.35,38.6,38.1,38.0,37.64
2022-06-30 11:00:00,HDC,38.35,38.25,38.4,38.15,38.1,37.79
2022-06-30 13:00:00,HDC,38.1,37.75,38.25,37.7,37.65,37.74
2022-06-30 14:00:00,HDC,37.75,37.0,37.8,36.75,36.6,36.81
2022-07-01 09:00:00,HDC,36.7,36.25,37.3,36.2,36.15,36.49
2022-07-01 10:00:00,HDC,36.25,36.0,36.6,35.6,35.55,36.15
2022-07-01 11:00:00,HDC,36.0,35.5,36.0,34.8,34.7,35.61
2022-07-01 13:00:00,HDC,35.4,35.7,37.3,34.5,34.45,35.15
2022-07-01 14:00:00,HDC,35.7,37.3,38.9,35.85,35.7,36.38
2022-07-04 09:00:00,HDC,37.7,37.5,38.1,37.4,37.35,37.22
2022-07-04 10:00:00,HDC,37.6,37.35,37.7,37.35,37.3,37.1
2022-07-04 11:00:00,HDC,37.45,37.25,37.5,37.2,37.15,37.02
2022-07-04 13:00:00,HDC,37.3,37.3,37.6,37.05,37.0,36.99
2022-07-04 14:00:00,HDC,37.3,36.7,37.4,36.4,36.2,36.53
2022-07-05 09:00:00,HDC,37.2,36.45,37.2,36.45,36.4,36.45
2022-07-05 10:00:00,HDC,36.45,35.7,36.45,35.5,35.4,35.7
2022-07-05 11:00:00,HDC,35.8,36.0,36.1,35.75,35.7,35.839999999999996
2022-07-05 13:00:00,HDC,36.1,35.9,36.4,35.8,35.75,35.71
2022-07-05 14:00:00,HDC,35.9,35.45,36.0,35.0,34.8,35.42
2022-07-06 09:00:00,HDC,34.5,34.7,35.4,34.5,34.45,34.25
2022-07-06 10:00:00,HDC,34.1,36.3,36.5,34.4,34.1,34.53
2022-07-06 11:00:00,HDC,36.1,35.9,36.35,35.65,35.6,35.589999999999996
2022-07-06 13:00:00,HDC,35.9,35.0,36.1,34.75,34.7,35.24
2022-07-06 14:00:00,HDC,35.2,34.2,35.95,34.05,34.0,34.620000000000005
2022-07-07 09:00:00,HDC,34.8,34.1,35.15,34.2,34.1,34.13
2022-07-07 10:00:00,HDC,34.15,34.5,35.1,34.2,34.15,34.01
2022-07-07 11:00:00,HDC,34.55,34.55,34.9,34.55,34.5,34.14
2022-07-07 13:00:00,HDC,34.85,34.25,34.85,34.15,34.05,34.24
2022-07-07 14:00:00,HDC,34.25,34.4,34.75,34.3,34.25,34.25
2022-07-08 09:00:00,HDC,35.05,36.8,36.8,35.05,35.0,34.81
2022-07-08 10:00:00,HDC,36.8,36.8,36.8,36.8,36.8,36.59
2022-07-08 11:00:00,HDC,36.8,36.8,36.8,36.8,36.8,36.8
2022-07-08 13:00:00,HDC,36.8,36.8,36.8,36.8,36.8,36.8
2022-07-08 14:00:00,HDC,36.8,36.8,36.8,36.8,36.8,36.8
2022-07-11 09:00:00,HDC,37.2,38.35,38.9,37.5,37.2,37.45
2022-07-11 10:00:00,HDC,38.4,37.7,38.4,37.7,37.6,37.81
2022-07-11 11:00:00,HDC,37.7,37.95,38.35,37.75,37.7,37.589999999999996
2022-07-11 13:00:00,HDC,37.95,37.6,37.95,37.3,37.25,37.28
2022-07-11 14:00:00,HDC,37.6,38.1,38.1,36.85,36.8,37.09
2022-07-12 09:00:00,HDC,38.3,38.4,38.65,38.15,38.1,37.91
2022-07-12 10:00:00,HDC,38.45,39.55,39.95,38.5,38.45,37.97
2022-07-12 11:00:00,HDC,39.55,39.6,39.75,39.6,39.55,38.89
2022-07-12 13:00:00,HDC,39.8,40.75,40.75,39.7,39.65,39.57
2022-07-12 14:00:00,HDC,40.75,40.75,40.75,40.75,40.75,40.04
2022-07-13 09:00:00,HDC,41.3,42.0,42.45,40.8,40.75,40.28
2022-07-13 10:00:00,HDC,42.0,41.5,42.0,41.2,41.0,40.44
2022-07-13 11:00:00,HDC,41.5,41.4,41.5,41.2,41.15,40.63
2022-07-13 13:00:00,HDC,41.3,41.2,41.7,41.15,41.1,40.87
2022-07-13 14:00:00,HDC,41.15,41.55,42.0,40.75,40.7,40.94
2022-07-14 09:00:00,HDC,41.4,41.7,41.9,40.9,40.85,40.94
2022-07-14 10:00:00,HDC,41.7,41.5,42.3,41.45,41.4,40.97
2022-07-14 11:00:00,HDC,41.5,41.6,41.6,41.4,41.35,41.1
2022-07-14 13:00:00,HDC,41.5,41.4,41.8,41.4,41.35,41.2
2022-07-14 14:00:00,HDC,41.4,41.5,41.75,41.45,41.4,41.160000000000004
2022-07-15 09:00:00,HDC,42.4,42.7,43.05,41.8,41.75,42.64
2022-07-15 10:00:00,HDC,42.75,42.6,42.75,42.5,42.45,42.71
2022-07-15 11:00:00,HDC,42.55,42.5,42.55,42.25,42.2,42.61
2022-07-15 13:00:00,HDC,42.5,42.2,42.5,41.95,41.9,41.76
2022-07-15 14:00:00,HDC,42.2,41.8,42.45,41.8,41.75,41.65
2022-07-18 09:00:00,HDC,42.05,42.2,42.7,41.75,41.5,41.8
2022-07-18 10:00:00,HDC,42.2,42.2,42.45,41.95,41.9,41.82
2022-07-18 11:00:00,HDC,42.2,42.2,42.6,42.1,42.05,41.85
2022-07-18 13:00:00,HDC,42.05,41.5,42.25,41.5,41.45,41.38
2022-07-18 14:00:00,HDC,41.5,40.85,41.95,40.0,39.9,40.660000000000004
2022-07-19 09:00:00,HDC,40.8,41.0,41.4,40.6,40.55,40.730000000000004
2022-07-19 10:00:00,HDC,41.0,40.75,41.2,40.7,40.65,40.7
2022-07-19 11:00:00,HDC,40.75,40.2,40.8,40.15,40.1,40.37
2022-07-19 13:00:00,HDC,40.2,41.15,41.45,39.9,39.85,40.31
2022-07-19 14:00:00,HDC,41.1,41.3,41.9,40.95,40.9,41.03
2022-07-20 09:00:00,HDC,42.5,43.3,43.4,41.8,41.6,42.17
2022-07-20 10:00:00,HDC,43.25,43.35,43.55,42.95,42.9,42.85
2022-07-20 11:00:00,HDC,43.35,43.3,43.4,43.2,43.1,42.940000000000005
2022-07-20 13:00:00,HDC,43.3,44.15,44.15,43.3,43.25,42.97
2022-07-20 14:00:00,HDC,44.15,44.15,44.15,44.15,44.15,43.03
2022-07-21 09:00:00,HDC,44.25,44.9,45.8,44.2,44.15,43.27
2022-07-21 10:00:00,HDC,44.8,44.4,44.8,44.2,44.15,43.52
2022-07-21 11:00:00,HDC,44.5,44.15,44.85,44.2,44.15,43.73
2022-07-21 13:00:00,HDC,44.1,44.1,44.4,43.9,43.85,43.76
2022-07-21 14:00:00,HDC,44.1,43.65,44.1,43.75,43.65,43.7
2022-07-22 09:00:00,HDC,43.3,43.3,43.8,43.3,43.25,43.03
2022-07-22 10:00:00,HDC,43.3,43.65,43.7,43.35,43.3,43.09
2022-07-22 11:00:00,HDC,43.65,43.5,43.8,43.55,43.5,43.24
2022-07-22 13:00:00,HDC,43.55,43.3,43.75,43.25,43.2,43.21
2022-07-22 14:00:00,HDC,43.2,43.1,43.5,43.2,43.1,43.08
2022-07-25 09:00:00,HDC,42.3,42.4,42.8,42.0,41.9,41.91
2022-07-25 10:00:00,HDC,42.5,42.05,43.0,42.05,42.0,41.85
2022-07-25 11:00:00,HDC,42.05,41.8,42.45,41.8,41.75,41.73
2022-07-25 13:00:00,HDC,41.85,42.35,42.7,41.7,41.65,41.82
2022-07-25 14:00:00,HDC,42.4,42.8,43.5,42.45,42.4,42.13
2022-07-26 09:00:00,HDC,42.55,43.0,43.65,42.65,42.55,42.84
2022-07-26 10:00:00,HDC,42.95,42.8,43.2,42.75,42.7,42.85
2022-07-26 11:00:00,HDC,43.0,43.0,43.2,43.0,42.9,42.900000000000006
2022-07-26 13:00:00,HDC,43.0,43.0,43.3,42.8,42.75,42.89
2022-07-26 14:00:00,HDC,42.9,42.75,43.3,42.7,42.6,42.85
2022-07-27 09:00:00,HDC,42.45,42.7,43.3,42.25,42.1,42.24
2022-07-27 10:00:00,HDC,42.5,43.35,43.45,42.6,42.5,42.48
2022-07-27 11:00:00,HDC,43.35,43.5,43.7,43.3,43.25,43.27
2022-07-27 13:00:00,HDC,43.5,44.3,44.8,43.5,43.45,43.81
2022-07-27 14:00:00,HDC,44.3,45.5,45.5,44.25,44.2,43.95
2022-07-28 09:00:00,HDC,46.5,46.2,46.55,46.1,46.05,44.16
2022-07-28 10:00:00,HDC,46.25,46.9,46.95,46.2,46.15,44.54
2022-07-28 11:00:00,HDC,46.85,47.95,47.95,46.8,46.75,46.43
2022-07-28 13:00:00,HDC,47.9,47.0,48.3,46.85,46.8,46.94
2022-07-28 14:00:00,HDC,47.0,46.3,47.2,46.35,46.3,46.379999999999995
2022-07-29 09:00:00,HDC,46.35,46.1,46.35,45.85,45.8,45.89
2022-07-29 10:00:00,HDC,46.1,46.25,46.5,46.2,46.1,46.21
2022-07-29 11:00:00,HDC,46.25,46.2,46.3,46.1,46.05,46.08
2022-07-29 13:00:00,HDC,46.2,45.85,46.2,45.85,45.8,46.03
2022-07-29 14:00:00,HDC,45.8,46.5,46.5,45.75,45.7,45.96
2022-08-01 09:00:00,HDC,46.8,47.5,47.95,46.4,46.35,46.41
2022-08-01 10:00:00,HDC,47.6,47.1,47.7,47.0,46.95,46.47
2022-08-01 11:00:00,HDC,47.2,46.9,47.2,46.85,46.8,46.51
2022-08-01 13:00:00,HDC,46.9,46.8,47.55,46.85,46.8,46.51
2022-08-01 14:00:00,HDC,46.75,46.85,46.9,46.55,46.5,46.419999999999995
2022-08-02 09:00:00,HDC,46.85,47.3,47.45,46.85,46.8,46.64
2022-08-02 10:00:00,HDC,47.3,47.15,47.3,47.05,47.0,46.769999999999996
2022-08-02 11:00:00,HDC,47.2,46.85,47.25,46.9,46.85,46.87
2022-08-02 13:00:00,HDC,46.95,47.0,47.25,46.75,46.7,46.75
2022-08-02 14:00:00,HDC,47.0,46.8,47.15,46.85,46.8,46.73
2022-08-03 09:00:00,HDC,46.9,47.55,47.8,46.05,46.0,46.68
2022-08-03 10:00:00,HDC,47.55,48.4,48.5,47.6,47.55,46.73
2022-08-03 11:00:00,HDC,48.35,48.3,48.35,48.15,48.1,47.01
2022-08-03 13:00:00,HDC,48.3,48.25,48.3,47.65,47.6,47.23
2022-08-03 14:00:00,HDC,48.3,48.3,48.3,48.05,48.0,47.4
2022-08-04 09:00:00,HDC,49.0,48.6,49.0,48.5,48.45,48.17
2022-08-04 10:00:00,HDC,48.6,47.9,48.7,47.85,47.8,47.94
2022-08-04 11:00:00,HDC,47.9,47.7,48.05,47.5,47.45,47.38
2022-08-04 13:00:00,HDC,47.7,47.8,48.0,47.3,47.25,47.27
2022-08-04 14:00:00,HDC,47.95,47.6,48.0,47.45,47.4,47.21
2022-08-05 09:00:00,HDC,47.5,47.9,47.95,47.2,47.15,47.28
2022-08-05 10:00:00,HDC,47.85,47.65,47.85,47.45,47.4,47.24
2022-08-05 11:00:00,HDC,47.6,47.45,47.8,47.45,47.4,47.33
2022-08-05 13:00:00,HDC,47.45,49.05,50.0,47.5,47.45,47.81
2022-08-05 14:00:00,HDC,49.0,49.15,49.45,48.85,48.8,48.39
2022-08-08 09:00:00,HDC,49.3,49.35,49.9,49.2,49.15,48.99
2022-08-08 10:00:00,HDC,49.4,49.45,49.5,49.2,49.15,49.12
2022-08-08 11:00:00,HDC,49.45,49.05,49.45,48.85,48.8,49.03
2022-08-08 13:00:00,HDC,49.1,48.4,49.15,48.25,48.2,48.39
2022-08-08 14:00:00,HDC,48.35,48.4,48.7,48.35,48.3,47.99
2022-08-09 09:00:00,HDC,48.1,48.8,48.8,48.2,48.1,47.91
2022-08-09 10:00:00,HDC,48.8,48.15,48.9,48.1,48.05,48.17
2022-08-09 11:00:00,HDC,48.2,48.55,48.55,48.25,48.2,48.02
2022-08-09 13:00:00,HDC,48.5,48.6,49.15,48.45,48.4,48.22
2022-08-09 14:00:00,HDC,48.6,48.6,48.9,48.4,48.35,48.28
2022-08-10 09:00:00,HDC,48.6,49.0,49.5,48.3,48.2,48.44
2022-08-10 10:00:00,HDC,49.05,49.4,49.8,48.8,48.65,48.82
2022-08-10 11:00:00,HDC,49.4,49.5,49.7,49.35,49.3,49.07
2022-08-10 13:00:00,HDC,49.5,49.35,49.8,49.15,49.1,49.01
2022-08-10 14:00:00,HDC,49.35,49.2,49.35,49.15,49.1,49.03
2022-08-11 09:00:00,HDC,49.65,49.1,49.9,49.1,49.05,49.1
2022-08-11 10:00:00,HDC,49.1,48.55,49.15,48.5,48.45,48.29
2022-08-11 11:00:00,HDC,48.6,48.6,48.75,48.6,48.55,48.34
2022-08-11 13:00:00,HDC,48.65,48.55,48.65,47.55,47.5,47.91
2022-08-11 14:00:00,HDC,48.4,47.2,48.4,46.95,46.9,47.26
2022-08-12 09:00:00,HDC,47.3,47.5,47.75,47.05,47.0,47.06
2022-08-12 10:00:00,HDC,47.45,47.3,47.5,47.15,47.1,47.04
2022-08-12 11:00:00,HDC,47.3,47.4,47.4,47.2,47.15,47.09
2022-08-12 13:00:00,HDC,47.5,47.55,47.75,47.25,47.2,47.18
2022-08-12 14:00:00,HDC,47.5,47.3,47.5,47.1,47.0,47.04
2022-08-15 09:00:00,HDC,47.85,47.3,47.9,47.35,47.3,47.37
2022-08-15 10:00:00,HDC,47.3,47.4,47.8,47.25,47.2,47.17
2022-08-15 11:00:00,HDC,47.4,47.4,47.45,47.25,47.2,47.13
2022-08-15 13:00:00,HDC,47.45,47.8,47.8,47.25,47.2,47.160000000000004
2022-08-15 14:00:00,HDC,47.7,48.7,49.2,47.8,47.7,47.92
2022-08-16 09:00:00,HDC,48.8,48.8,48.9,48.55,48.5,48.44
2022-08-16 10:00:00,HDC,48.8,48.4,48.9,48.4,48.3,48.32
2022-08-16 11:00:00,HDC,48.4,48.7,48.8,48.45,48.4,48.339999999999996
2022-08-16 13:00:00,HDC,48.7,48.7,49.5,48.7,48.65,48.46
2022-08-16 14:00:00,HDC,48.65,48.9,49.0,48.65,48.6,48.44
2022-08-17 09:00:00,HDC,49.2,51.4,51.8,49.15,49.1,49.7
2022-08-17 10:00:00,HDC,51.5,52.3,52.3,51.5,51.4,51.14
2022-08-17 11:00:00,HDC,52.3,52.3,52.3,52.3,52.3,51.8
2022-08-17 13:00:00,HDC,52.3,52.3,52.3,52.3,52.3,52.3
2022-08-17 14:00:00,HDC,52.3,52.3,52.3,51.6,51.5,51.94
2022-08-18 09:00:00,HDC,52.3,53.0,53.5,51.8,51.7,51.96
2022-08-18 10:00:00,HDC,53.0,52.7,53.0,52.4,52.3,52.04
2022-08-18 11:00:00,HDC,52.7,52.3,52.7,52.2,52.1,52.08
2022-08-18 13:00:00,HDC,52.2,52.5,52.9,52.1,52.0,52.08
2022-08-18 14:00:00,HDC,52.5,52.1,52.6,52.2,52.1,52.14
2022-08-19 09:00:00,HDC,52.1,53.0,53.3,52.3,52.1,51.86
2022-08-19 10:00:00,HDC,53.0,53.5,54.8,53.0,52.9,52.88
2022-08-19 11:00:00,HDC,53.5,53.4,53.6,53.3,53.2,52.82
2022-08-19 13:00:00,HDC,53.4,53.2,53.6,53.0,52.9,52.88
2022-08-19 14:00:00,HDC,53.2,53.2,53.4,52.6,52.5,52.64
2022-08-22 09:00:00,HDC,53.1,53.9,54.2,52.6,52.5,52.78
2022-08-22 10:00:00,HDC,53.9,53.3,54.0,53.2,53.1,52.96
2022-08-22 11:00:00,HDC,53.3,52.8,53.3,52.4,52.3,52.36
2022-08-22 13:00:00,HDC,52.7,52.9,53.1,52.2,52.1,52.14
2022-08-22 14:00:00,HDC,52.9,53.8,54.8,53.0,52.9,52.72
2022-08-23 09:00:00,HDC,53.1,53.7,53.9,53.1,53.0,52.76
2022-08-23 10:00:00,HDC,53.7,53.4,53.7,53.1,53.0,53.18
2022-08-23 11:00:00,HDC,53.3,53.0,53.3,52.9,52.8,52.64
2022-08-23 13:00:00,HDC,53.0,53.7,53.9,53.1,53.0,52.86
2022-08-23 14:00:00,HDC,53.6,54.7,54.8,53.6,53.5,53.199999999999996
2022-08-24 09:00:00,HDC,54.9,55.2,55.3,54.3,54.2,54.28
2022-08-24 10:00:00,HDC,55.2,55.0,55.2,54.7,54.6,54.56
2022-08-24 11:00:00,HDC,55.0,54.9,55.1,54.8,54.7,54.46
2022-08-24 13:00:00,HDC,54.9,54.2,54.9,54.1,54.0,54.34
2022-08-24 14:00:00,HDC,54.2,54.0,54.5,54.1,54.0,53.62
2022-08-25 09:00:00,HDC,54.2,54.1,54.3,53.6,53.5,53.62
2022-08-25 10:00:00,HDC,54.1,53.9,54.1,53.9,53.8,53.62
2022-08-25 11:00:00,HDC,53.9,53.8,54.0,53.8,53.7,53.62
2022-08-25 13:00:00,HDC,53.6,54.3,55.0,53.1,53.0,53.199999999999996
2022-08-25 14:00:00,HDC,54.3,53.9,54.3,53.8,53.7,53.74
2022-08-26 09:00:00,HDC,54.0,54.1,54.9,53.3,53.2,53.339999999999996
2022-08-26 10:00:00,HDC,54.1,53.8,54.2,53.8,53.7,53.74
2022-08-26 11:00:00,HDC,53.8,53.5,53.9,53.6,53.5,53.34
2022-08-26 13:00:00,HDC,53.5,53.5,53.8,53.1,53.0,53.04
2022-08-26 14:00:00,HDC,53.5,53.2,53.6,53.1,53.0,52.98
2022-08-29 09:00:00,HDC,52.1,52.7,53.2,52.3,52.1,51.96
2022-08-29 10:00:00,HDC,52.7,51.3,52.9,51.4,51.3,51.26
2022-08-29 11:00:00,HDC,51.3,51.7,52.4,50.6,50.5,50.6
2022-08-29 13:00:00,HDC,51.7,53.4,53.4,51.1,51.0,51.9
2022-08-29 14:00:00,HDC,53.5,54.7,54.7,53.2,53.1,53.28
2022-08-30 09:00:00,HDC,55.3,55.4,56.3,55.1,55.0,55.16
2022-08-30 10:00:00,HDC,55.4,55.2,55.6,55.1,55.0,54.82
2022-08-30 11:00:00,HDC,55.2,55.0,55.5,55.0,54.9,54.800000000000004
2022-08-30 13:00:00,HDC,54.9,54.7,55.3,54.6,54.5,54.5
2022-08-30 14:00:00,HDC,54.7,54.7,55.0,54.7,54.6,54.56
2022-08-31 09:00:00,HDC,54.0,54.5,54.7,54.1,54.0,53.7
2022-08-31 10:00:00,HDC,54.4,54.0,54.6,53.8,53.7,53.74
2022-08-31 11:00:00,HDC,54.0,54.3,54.3,54.1,54.0,53.8
2022-08-31 13:00:00,HDC,54.1,54.4,54.7,53.9,53.8,53.9
2022-08-31 14:00:00,HDC,54.4,54.5,55.2,54.4,54.3,54.32
2022-09-05 09:00:00,HDC,54.5,55.1,55.6,54.3,54.0,54.14
2022-09-05 10:00:00,HDC,55.2,54.9,55.2,54.8,54.7,54.64
2022-09-05 11:00:00,HDC,54.9,54.8,54.9,54.7,54.6,54.620000000000005
2022-09-05 13:00:00,HDC,54.7,55.8,56.3,54.7,54.6,54.66
2022-09-05 14:00:00,HDC,55.7,56.0,56.3,55.7,55.6,55.44
2022-09-06 09:00:00,HDC,56.0,56.4,56.7,56.1,56.0,55.68
2022-09-06 10:00:00,HDC,56.4,56.5,56.8,55.8,55.5,55.9
2022-09-06 11:00:00,HDC,56.4,56.0,56.4,56.0,55.9,55.64
2022-09-06 13:00:00,HDC,56.2,56.1,56.5,55.7,55.6,55.62
2022-09-06 14:00:00,HDC,56.2,55.9,56.4,55.8,55.7,55.64
2022-09-07 09:00:00,HDC,56.0,55.3,56.0,55.1,55.0,55.14
2022-09-07 10:00:00,HDC,55.2,55.5,55.9,55.1,55.0,54.86
2022-09-07 11:00:00,HDC,55.5,55.4,55.5,55.3,55.2,55.18
2022-09-07 13:00:00,HDC,55.3,54.7,55.4,54.6,54.5,54.6
2022-09-07 14:00:00,HDC,54.7,52.0,55.0,52.1,52.0,52.4
2022-09-08 09:00:00,HDC,52.1,50.5,52.5,49.65,49.6,49.94
2022-09-08 10:00:00,HDC,50.5,50.0,51.2,49.65,49.6,49.58
2022-09-08 11:00:00,HDC,49.9,50.5,51.0,50.0,49.9,49.800000000000004
2022-09-08 13:00:00,HDC,50.4,50.9,51.6,50.1,50.0,49.98
2022-09-08 14:00:00,HDC,51.0,48.4,51.0,48.45,48.4,49.17
2022-09-09 09:00:00,HDC,48.4,48.1,48.9,46.9,46.8,47.47
2022-09-09 10:00:00,HDC,48.2,47.75,49.4,47.8,47.75,47.73
2022-09-09 11:00:00,HDC,47.8,47.2,48.2,47.05,47.0,47.07
2022-09-09 13:00:00,HDC,47.15,46.8,47.9,46.55,46.5,46.82
2022-09-09 14:00:00,HDC,46.8,50.9,50.9,45.5,45.45,47.54
2022-09-12 09:00:00,HDC,51.0,50.8,51.5,50.7,50.6,50.06
2022-09-12 10:00:00,HDC,50.8,50.5,50.8,50.1,50.0,49.86
2022-09-12 11:00:00,HDC,50.5,50.3,50.6,50.3,50.2,49.94
2022-09-12 13:00:00,HDC,50.1,50.0,50.2,49.55,49.5,49.82
2022-09-12 14:00:00,HDC,50.0,49.5,50.4,49.65,49.5,49.37
2022-09-13 09:00:00,HDC,49.55,49.55,50.0,49.6,49.55,49.33
2022-09-13 10:00:00,HDC,49.55,49.35,49.6,49.25,49.2,49.16
2022-09-13 11:00:00,HDC,49.3,49.0,49.35,48.9,48.8,49.01
2022-09-13 13:00:00,HDC,48.9,48.45,49.0,48.25,48.2,48.29
2022-09-13 14:00:00,HDC,48.4,49.65,49.8,48.4,48.35,48.58
2022-09-14 09:00:00,HDC,48.9,49.3,49.3,48.35,48.3,48.55
2022-09-14 10:00:00,HDC,49.35,50.2,50.8,48.85,48.8,49.26
2022-09-14 11:00:00,HDC,50.1,49.4,50.2,49.4,49.35,49.55
2022-09-14 13:00:00,HDC,49.4,50.2,50.5,49.25,49.2,49.39
2022-09-14 14:00:00,HDC,50.2,50.1,50.7,50.1,50.0,49.980000000000004
2022-09-15 09:00:00,HDC,50.3,49.9,50.3,49.8,49.7,49.59
2022-09-15 10:00:00,HDC,49.9,50.1,50.7,49.85,49.8,49.72
2022-09-15 11:00:00,HDC,50.1,50.0,50.1,50.0,49.9,49.7
2022-09-15 13:00:00,HDC,50.0,50.0,50.5,49.9,49.85,49.78
2022-09-15 14:00:00,HDC,50.0,50.0,50.3,50.0,49.9,49.85
2022-09-16 09:00:00,HDC,50.0,49.4,50.0,49.05,49.0,49.17
2022-09-16 10:00:00,HDC,49.2,49.0,49.4,48.85,48.8,48.83
2022-09-16 11:00:00,HDC,49.0,48.9,49.05,48.6,48.55,48.56
2022-09-16 13:00:00,HDC,48.9,49.0,49.0,48.5,48.4,48.48
2022-09-16 14:00:00,HDC,49.0,47.1,49.0,47.5,47.1,47.46
2022-09-19 09:00:00,HDC,46.5,45.25,46.9,45.15,45.1,45.96
2022-09-19 10:00:00,HDC,45.3,44.9,45.9,43.95,43.9,44.35
2022-09-19 11:00:00,HDC,44.9,44.15,45.0,44.0,43.95,44.04
2022-09-19 13:00:00,HDC,44.15,44.0,44.3,43.9,43.85,43.86
2022-09-19 14:00:00,HDC,43.95,43.85,44.3,43.9,43.85,43.8
2022-09-20 09:00:00,HDC,44.75,43.85,44.75,43.85,43.8,43.99
2022-09-20 10:00:00,HDC,43.8,42.0,43.8,41.85,41.8,42.43
2022-09-20 11:00:00,HDC,42.0,41.5,42.0,41.45,41.4,41.39
2022-09-20 13:00:00,HDC,41.5,43.25,43.9,41.25,41.2,41.9
2022-09-20 14:00:00,HDC,43.2,43.85,44.65,43.25,43.2,43.24
2022-09-21 09:00:00,HDC,43.1,43.9,44.0,43.2,43.1,43.25
2022-09-21 10:00:00,HDC,43.9,43.9,44.5,43.75,43.7,43.87
2022-09-21 11:00:00,HDC,43.9,43.6,44.0,43.6,43.55,43.58
2022-09-21 13:00:00,HDC,43.5,44.0,44.0,43.55,43.5,43.339999999999996
2022-09-21 14:00:00,HDC,44.0,43.55,44.15,43.6,43.55,43.65
2022-09-22 09:00:00,HDC,42.7,43.45,43.45,42.3,42.2,42.36
2022-09-22 10:00:00,HDC,43.45,42.5,43.6,42.5,42.45,42.56
2022-09-22 11:00:00,HDC,42.5,42.5,42.6,42.3,42.25,42.1
2022-09-22 13:00:00,HDC,42.5,43.4,43.55,42.35,42.3,42.25
2022-09-22 14:00:00,HDC,43.4,44.0,44.6,42.75,42.7,43.190000000000005
2022-09-23 09:00:00,HDC,44.0,44.1,44.5,43.8,43.7,43.88
2022-09-23 10:00:00,HDC,44.2,44.25,44.45,44.05,44.0,43.88
2022-09-23 11:00:00,HDC,44.25,43.9,44.3,43.85,43.8,43.78
2022-09-23 13:00:00,HDC,43.85,43.95,44.0,43.6,43.55,43.62
2022-09-23 14:00:00,HDC,43.95,42.4,43.95,42.55,42.4,42.6
2022-09-26 09:00:00,HDC,39.9,40.15,41.9,39.95,39.9,39.870000000000005
2022-09-26 10:00:00,HDC,40.15,39.45,40.45,39.5,39.45,39.84
2022-09-26 11:00:00,HDC,39.45,39.45,39.45,39.45,39.45,39.410000000000004
2022-09-26 13:00:00,HDC,39.45,39.45,39.45,39.45,39.45,39.45
2022-09-26 14:00:00,HDC,39.45,39.45,39.45,39.45,39.45,39.45
2022-09-27 09:00:00,HDC,39.6,38.95,40.0,37.9,37.8,39.25
2022-09-27 10:00:00,HDC,38.95,38.65,39.4,38.35,38.3,38.07
2022-09-27 11:00:00,HDC,38.7,38.3,38.8,38.35,38.3,38.1
2022-09-27 13:00:00,HDC,38.3,38.8,39.15,38.15,38.1,38.14
2022-09-27 14:00:00,HDC,38.6,38.0,38.9,38.0,37.95,38.04
2022-09-28 09:00:00,HDC,37.9,39.05,39.75,37.3,37.2,37.730000000000004
2022-09-28 10:00:00,HDC,39.05,39.25,39.55,39.1,39.05,39.24
2022-09-28 11:00:00,HDC,39.2,39.35,39.5,39.0,38.9,39.39
2022-09-28 13:00:00,HDC,39.3,40.6,40.65,39.35,39.3,39.69
2022-09-28 14:00:00,HDC,40.6,40.65,40.65,39.65,39.6,39.9
2022-09-29 09:00:00,HDC,41.9,41.3,41.9,41.15,41.1,41.32
2022-09-29 10:00:00,HDC,41.3,41.0,41.3,40.85,40.8,40.87
2022-09-29 11:00:00,HDC,41.0,40.9,41.0,40.9,40.85,40.769999999999996
2022-09-29 13:00:00,HDC,40.8,39.95,40.8,39.4,39.35,39.81
2022-09-29 14:00:00,HDC,40.0,37.85,40.2,38.1,37.85,38.25
2022-09-30 09:00:00,HDC,38.2,38.6,39.05,38.0,37.9,37.97
2022-09-30 10:00:00,HDC,38.6,38.5,39.0,38.3,38.2,38.08
2022-09-30 11:00:00,HDC,38.45,37.65,38.5,37.75,37.65,37.7
2022-09-30 13:00:00,HDC,37.0,37.3,38.45,36.05,36.0,36.47
2022-09-30 14:00:00,HDC,37.55,40.45,40.45,37.65,37.55,38.19
2022-10-03 09:00:00,HDC,40.05,40.9,41.5,39.75,39.7,39.79
2022-10-03 10:00:00,HDC,40.8,40.65,40.9,40.45,40.4,40.58
2022-10-03 11:00:00,HDC,40.65,40.45,40.7,40.5,40.45,40.37
2022-10-03 13:00:00,HDC,40.45,40.65,41.2,39.8,39.75,39.84
2022-10-03 14:00:00,HDC,40.7,38.6,41.0,38.6,38.5,38.88
2022-10-04 09:00:00,HDC,39.9,38.8,40.0,38.8,38.75,38.93
2022-10-04 10:00:00,HDC,38.8,38.65,39.1,38.4,38.35,38.16
2022-10-04 11:00:00,HDC,38.6,39.4,40.3,38.6,38.5,38.5
2022-10-04 13:00:00,HDC,39.4,39.85,40.8,39.2,39.1,39.58
2022-10-04 14:00:00,HDC,39.85,39.95,40.5,38.65,38.6,39.19
2022-10-05 09:00:00,HDC,41.4,41.55,42.0,41.0,40.95,40.980000000000004
2022-10-05 10:00:00,HDC,41.6,42.7,42.7,41.7,41.6,41.74
2022-10-05 11:00:00,HDC,42.7,42.7,42.7,42.7,42.7,42.56
2022-10-05 13:00:00,HDC,42.7,42.7,42.7,42.7,42.7,42.7
2022-10-05 14:00:00,HDC,42.7,42.7,42.7,42.7,42.7,42.7
2022-10-06 09:00:00,HDC,43.2,43.95,44.5,43.1,43.0,43.14
2022-10-06 10:00:00,HDC,43.95,43.5,44.0,42.9,42.8,43.41
2022-10-06 11:00:00,HDC,43.5,42.75,43.5,42.8,42.75,42.79
2022-10-06 13:00:00,HDC,42.75,43.1,43.5,42.05,42.0,42.12
2022-10-06 14:00:00,HDC,43.1,40.95,43.45,41.0,40.95,41.41
2022-10-07 09:00:00,HDC,40.0,41.0,42.0,39.55,39.5,39.83
2022-10-07 10:00:00,HDC,41.0,41.25,42.5,40.3,40.1,40.44
2022-10-07 11:00:00,HDC,41.5,40.95,41.65,40.95,40.9,41.01
2022-10-07 13:00:00,HDC,40.95,41.6,42.7,40.25,40.2,40.68
2022-10-07 14:00:00,HDC,41.55,42.5,43.8,41.4,41.3,41.54
2022-10-10 09:00:00,HDC,42.0,42.9,43.4,42.05,42.0,41.97
2022-10-10 10:00:00,HDC,42.9,42.6,43.0,41.6,41.5,41.93
2022-10-10 11:00:00,HDC,42.6,43.1,43.45,42.4,42.0,42.39
2022-10-10 13:00:00,HDC,43.1,42.7,43.45,42.05,42.0,42.13
2022-10-10 14:00:00,HDC,42.7,42.0,42.95,42.05,42.0,42.01
2022-10-11 09:00:00,HDC,41.8,41.7,42.4,41.45,41.4,41.55
2022-10-11 10:00:00,HDC,41.8,39.6,41.85,39.6,39.55,39.97
2022-10-11 11:00:00,HDC,39.6,39.1,40.0,39.15,39.1,39.14
2022-10-11 13:00:00,HDC,39.1,39.1,39.1,39.1,39.1,39.26
2022-10-11 14:00:00,HDC,39.1,39.1,39.1,39.1,39.1,39.1
2022-10-12 09:00:00,HDC,36.4,37.5,37.7,36.45,36.4,36.370000000000005
2022-10-12 10:00:00,HDC,37.4,37.45,38.4,36.9,36.8,37.0
2022-10-12 11:00:00,HDC,37.4,38.7,39.0,37.25,37.2,37.300000000000004
2022-10-12 13:00:00,HDC,38.7,38.1,39.6,37.6,37.5,38.09
2022-10-12 14:00:00,HDC,38.2,36.4,38.6,36.45,36.4,36.87
2022-10-13 09:00:00,HDC,36.4,37.0,37.85,36.5,36.4,36.26
2022-10-13 10:00:00,HDC,37.0,37.1,37.7,37.0,36.9,36.89
2022-10-13 11:00:00,HDC,37.15,36.35,37.15,36.2,36.05,36.43
2022-10-13 13:00:00,HDC,36.25,35.0,36.3,34.2,34.1,34.72
2022-10-13 14:00:00,HDC,35.0,34.2,36.2,34.25,34.2,34.26
2022-10-14 09:00:00,HDC,35.2,34.7,35.3,34.1,34.0,34.22
2022-10-14 10:00:00,HDC,34.7,35.7,36.0,34.8,34.7,34.46
2022-10-14 11:00:00,HDC,35.65,35.45,35.65,35.25,35.2,35.1
2022-10-14 13:00:00,HDC,35.4,35.2,35.8,35.1,35.05,34.82
2022-10-14 14:00:00,HDC,35.2,36.55,36.55,35.25,35.2,35.050000000000004
2022-10-17 09:00:00,HDC,37.0,37.3,37.6,36.6,36.55,36.78
2022-10-17 10:00:00,HDC,37.25,37.15,37.3,36.5,36.45,36.53
2022-10-17 11:00:00,HDC,37.0,36.55,37.0,36.45,36.4,36.57
2022-10-17 13:00:00,HDC,36.4,36.9,36.9,35.9,35.8,36.16
2022-10-17 14:00:00,HDC,36.9,36.65,37.0,36.25,36.2,36.24
2022-10-18 09:00:00,HDC,37.2,36.8,37.5,36.8,36.75,36.6
2022-10-18 10:00:00,HDC,36.8,38.4,39.0,36.7,36.65,37.13
2022-10-18 11:00:00,HDC,38.4,38.1,38.4,38.0,37.95,38.0
2022-10-18 13:00:00,HDC,38.1,37.8,38.3,37.7,37.65,37.65
2022-10-18 14:00:00,HDC,37.8,37.1,37.85,37.05,37.0,37.04
2022-10-19 09:00:00,HDC,37.0,37.05,37.7,36.55,36.5,36.699999999999996
2022-10-19 10:00:00,HDC,37.0,36.6,37.35,36.5,36.3,36.47
2022-10-19 11:00:00,HDC,36.65,36.6,36.85,36.65,36.6,36.72
2022-10-19 13:00:00,HDC,36.5,36.35,36.8,36.3,36.2,36.370000000000005
2022-10-19 14:00:00,HDC,36.5,36.0,36.6,36.05,36.0,36.04
2022-10-20 09:00:00,HDC,35.7,35.9,36.5,35.7,35.6,35.6
2022-10-20 10:00:00,HDC,35.95,35.45,36.0,35.45,35.4,35.2
2022-10-20 11:00:00,HDC,35.45,35.0,35.45,34.8,34.75,34.75
2022-10-20 13:00:00,HDC,35.0,35.35,35.35,34.4,34.35,34.59
2022-10-20 14:00:00,HDC,35.35,34.5,35.5,34.6,34.5,34.26
2022-10-21 09:00:00,HDC,34.8,34.65,34.8,34.45,34.4,34.27
2022-10-21 10:00:00,HDC,34.65,32.2,34.7,32.15,32.1,32.95
2022-10-21 11:00:00,HDC,32.2,32.15,32.6,32.15,32.1,31.78
2022-10-21 13:00:00,HDC,32.15,32.1,32.15,32.15,32.1,32.0
2022-10-21 14:00:00,HDC,32.1,32.1,32.1,32.1,32.1,31.92
2022-10-24 09:00:00,HDC,30.8,30.0,31.9,30.05,30.0,30.51
2022-10-24 10:00:00,HDC,30.0,29.9,30.45,29.95,29.9,30.15
2022-10-24 11:00:00,HDC,29.9,29.9,29.9,29.9,29.9,29.77
2022-10-24 13:00:00,HDC,29.9,29.9,29.9,29.9,29.9,29.9
2022-10-24 14:00:00,HDC,29.9,29.9,29.9,29.9,29.9,29.9
2022-10-25 09:00:00,HDC,27.85,27.85,28.8,27.9,27.85,29.759999999999998
2022-10-25 10:00:00,HDC,27.85,27.85,27.9,27.9,27.85,29.49
2022-10-25 11:00:00,HDC,27.85,28.55,28.55,27.9,27.85,29.08
2022-10-25 13:00:00,HDC,28.5,27.85,29.9,27.9,27.85,28.53
2022-10-25 14:00:00,HDC,27.85,27.85,27.9,27.9,27.85,27.85
2022-10-26 09:00:00,HDC,26.3,27.25,27.8,26.5,26.3,27.85
2022-10-26 10:00:00,HDC,27.25,26.05,27.3,26.05,26.0,27.540000000000003
2022-10-26 11:00:00,HDC,26.05,26.25,26.3,26.0,25.95,27.17
2022-10-26 13:00:00,HDC,26.25,26.25,27.6,26.0,25.95,26.79
2022-10-26 14:00:00,HDC,26.35,26.1,26.8,26.15,26.1,26.41
2022-10-27 09:00:00,HDC,26.0,27.15,27.35,26.1,26.0,26.06
2022-10-27 10:00:00,HDC,27.1,27.05,27.45,27.1,27.05,26.8
2022-10-27 11:00:00,HDC,27.05,27.0,27.1,26.85,26.8,26.29
2022-10-27 13:00:00,HDC,27.0,27.9,27.9,27.0,26.95,27.17
2022-10-27 14:00:00,HDC,27.9,27.9,27.9,27.9,27.9,27.67
2022-10-28 09:00:00,HDC,28.6,29.25,29.85,28.6,28.5,29.08
2022-10-28 10:00:00,HDC,29.25,29.25,29.7,29.2,29.15,29.619999999999997
2022-10-28 11:00:00,HDC,29.3,29.2,29.35,29.15,29.1,29.47
2022-10-28 13:00:00,HDC,29.0,28.8,29.2,28.55,28.5,28.490000000000002
2022-10-28 14:00:00,HDC,28.8,28.2,29.2,28.15,28.1,28.11
2022-10-31 09:00:00,HDC,28.3,27.8,28.5,27.7,27.6,27.86
2022-10-31 10:00:00,HDC,27.9,26.95,27.9,26.75,26.7,26.93
2022-10-31 11:00:00,HDC,26.9,26.4,27.15,26.35,26.3,26.38
2022-10-31 13:00:00,HDC,26.35,27.95,28.0,26.35,26.3,26.62
2022-10-31 14:00:00,HDC,27.95,28.2,28.2,27.1,27.05,27.810000000000002
2022-11-01 09:00:00,HDC,28.5,29.05,29.2,28.5,28.4,28.67
2022-11-01 10:00:00,HDC,29.05,29.35,29.35,29.05,29.0,28.73
2022-11-01 11:00:00,HDC,29.35,29.5,29.95,29.25,29.2,29.41
2022-11-01 13:00:00,HDC,29.5,30.15,30.15,29.45,29.4,29.759999999999998
2022-11-01 14:00:00,HDC,30.15,30.15,30.15,30.15,30.15,29.799999999999997
2022-11-02 09:00:00,HDC,30.65,31.5,31.65,30.25,30.2,31.080000000000002
2022-11-02 10:00:00,HDC,31.5,31.15,31.85,31.05,31.0,31.54
2022-11-02 11:00:00,HDC,31.15,31.25,31.45,31.15,31.1,31.32
2022-11-02 13:00:00,HDC,31.1,32.25,32.25,31.05,31.0,31.5
2022-11-02 14:00:00,HDC,32.25,32.2,32.25,32.05,32.0,31.98
2022-11-03 09:00:00,HDC,31.0,31.7,31.95,31.1,31.0,31.02
2022-11-03 10:00:00,HDC,31.7,32.6,32.6,31.55,31.5,31.86
2022-11-03 11:00:00,HDC,32.6,32.45,33.3,32.4,32.35,32.35
2022-11-03 13:00:00,HDC,32.5,34.05,34.1,32.4,32.35,32.55
2022-11-03 14:00:00,HDC,34.0,33.8,34.1,33.4,33.35,33.57
2022-11-04 09:00:00,HDC,33.25,32.1,33.7,32.0,31.9,32.2
2022-11-04 10:00:00,HDC,32.1,31.6,32.35,31.5,31.45,31.900000000000002
2022-11-04 11:00:00,HDC,31.6,31.45,31.6,31.5,31.45,31.5
2022-11-04 13:00:00,HDC,31.45,33.2,33.2,31.5,31.45,31.69
2022-11-04 14:00:00,HDC,33.2,32.0,33.3,32.0,31.9,32.38
2022-11-07 09:00:00,HDC,31.5,30.0,31.75,30.0,29.95,30.41
2022-11-07 10:00:00,HDC,30.05,29.8,30.4,29.85,29.8,29.95
2022-11-07 11:00:00,HDC,29.9,29.8,29.9,29.85,29.8,29.88
2022-11-07 13:00:00,HDC,29.8,30.5,30.6,29.85,29.8,29.689999999999998
2022-11-07 14:00:00,HDC,30.5,29.8,30.5,29.85,29.8,29.91
2022-11-08 09:00:00,HDC,27.9,28.15,29.2,27.95,27.9,27.85
2022-11-08 10:00:00,HDC,28.15,29.4,30.0,28.2,28.15,28.71
2022-11-08 11:00:00,HDC,29.3,28.8,29.4,28.75,28.7,28.83
2022-11-08 13:00:00,HDC,28.6,29.2,29.5,28.4,28.35,28.509999999999998
2022-11-08 14:00:00,HDC,29.5,29.25,30.7,29.1,29.05,29.349999999999998
2022-11-09 09:00:00,HDC,30.05,31.25,31.25,30.05,30.0,29.87
2022-11-09 10:00:00,HDC,31.25,31.25,31.25,31.25,31.25,31.27
2022-11-09 11:00:00,HDC,31.25,31.25,31.25,31.25,31.25,31.25
2022-11-09 13:00:00,HDC,31.25,31.25,31.25,31.25,31.25,31.25
2022-11-09 14:00:00,HDC,31.25,31.25,31.25,30.9,30.8,31.17
2022-11-10 09:00:00,HDC,30.95,32.65,33.0,31.25,30.95,31.29
2022-11-10 10:00:00,HDC,32.65,31.8,32.7,31.4,31.35,31.69
2022-11-10 11:00:00,HDC,31.85,31.1,32.05,30.6,30.55,31.16
2022-11-10 13:00:00,HDC,31.0,30.35,31.2,29.85,29.8,29.9
2022-11-10 14:00:00,HDC,30.45,30.5,30.55,29.55,29.5,29.89
2022-11-11 09:00:00,HDC,31.3,31.2,31.85,30.5,30.4,30.73
2022-11-11 10:00:00,HDC,31.2,30.8,31.3,30.8,30.7,31.13
2022-11-11 11:00:00,HDC,30.85,30.85,31.05,30.85,30.8,31.02
2022-11-11 13:00:00,HDC,30.8,31.05,31.6,30.7,30.65,30.76
2022-11-11 14:00:00,HDC,31.05,30.8,31.15,30.0,29.95,30.43
2022-11-14 09:00:00,HDC,28.9,30.9,30.95,29.2,28.9,29.58
2022-11-14 10:00:00,HDC,30.9,30.55,31.15,30.55,30.5,30.38
2022-11-14 11:00:00,HDC,30.55,30.75,30.75,30.2,30.15,30.11
2022-11-14 13:00:00,HDC,30.6,29.45,30.6,28.75,28.7,29.47
2022-11-14 14:00:00,HDC,29.45,30.55,30.75,29.35,29.3,29.36
2022-11-15 09:00:00,HDC,30.45,28.65,30.45,28.55,28.5,28.96
2022-11-15 10:00:00,HDC,28.6,28.45,28.6,28.5,28.45,28.09
2022-11-15 11:00:00,HDC,28.45,28.45,28.45,28.45,28.45,28.26
2022-11-15 13:00:00,HDC,28.45,28.45,28.45,28.45,28.45,28.45
2022-11-15 14:00:00,HDC,28.45,28.45,28.45,28.45,28.45,28.45
2022-11-16 09:00:00,HDC,26.5,26.5,26.5,26.5,26.5,26.23
2022-11-16 10:00:00,HDC,26.5,28.0,29.0,26.55,26.5,26.89
2022-11-16 11:00:00,HDC,27.65,27.1,29.0,27.0,26.5,27.42
2022-11-16 13:00:00,HDC,27.4,30.25,30.35,26.55,26.5,27.98
2022-11-16 14:00:00,HDC,30.2,30.4,30.4,30.2,30.15,29.96
2022-11-17 09:00:00,HDC,31.2,31.55,31.9,30.9,30.8,30.86
2022-11-17 10:00:00,HDC,31.55,31.45,31.65,31.35,31.3,31.21
2022-11-17 11:00:00,HDC,31.4,31.25,31.45,31.15,31.1,31.13
2022-11-17 13:00:00,HDC,31.2,31.05,31.25,30.85,30.8,30.93
2022-11-17 14:00:00,HDC,31.05,30.85,31.1,30.45,30.4,30.55
2022-11-18 09:00:00,HDC,30.05,31.5,31.5,30.05,30.0,30.2
2022-11-18 10:00:00,HDC,31.5,31.4,32.2,31.35,31.3,31.2
2022-11-18 11:00:00,HDC,31.4,31.2,31.55,31.25,31.2,31.2
2022-11-18 13:00:00,HDC,30.8,32.95,33.0,30.55,30.5,31.18
2022-11-18 14:00:00,HDC,32.95,33.0,33.0,32.5,32.4,32.54
2022-11-21 09:00:00,HDC,34.2,33.45,34.2,33.4,33.3,33.38
2022-11-21 10:00:00,HDC,33.5,33.85,34.0,33.45,33.4,33.51
2022-11-21 11:00:00,HDC,33.85,33.4,33.85,33.35,33.3,33.39
2022-11-21 13:00:00,HDC,33.4,33.5,33.95,33.4,33.35,33.39
2022-11-21 14:00:00,HDC,33.4,33.25,33.6,33.05,33.0,33.08
2022-11-22 09:00:00,HDC,33.0,34.15,34.2,33.05,33.0,33.04
2022-11-22 10:00:00,HDC,34.15,35.5,35.55,34.15,34.1,34.38
2022-11-22 11:00:00,HDC,35.5,34.3,35.55,34.35,34.3,34.29
2022-11-22 13:00:00,HDC,34.2,33.65,34.5,33.15,33.1,33.37
2022-11-22 14:00:00,HDC,33.6,32.5,33.7,32.55,32.5,32.39
2022-11-23 09:00:00,HDC,31.6,32.65,33.1,31.85,31.6,31.67
2022-11-23 10:00:00,HDC,32.65,32.75,32.75,31.7,31.65,32.27
2022-11-23 11:00:00,HDC,32.75,32.5,32.8,32.45,32.4,32.2
2022-11-23 13:00:00,HDC,32.5,32.5,32.6,32.0,31.95,32.13
2022-11-23 14:00:00,HDC,32.4,31.1,32.4,31.2,31.1,31.13
2022-11-24 09:00:00,HDC,31.15,31.05,31.45,30.1,30.05,30.32
2022-11-24 10:00:00,HDC,31.05,31.9,32.5,31.15,31.05,31.01
2022-11-24 11:00:00,HDC,31.9,31.65,32.0,31.7,31.65,31.66
2022-11-24 13:00:00,HDC,31.6,32.45,32.65,31.15,31.1,31.22
2022-11-24 14:00:00,HDC,32.45,32.6,32.6,31.9,31.85,32.019999999999996
2022-11-25 09:00:00,HDC,33.5,34.0,34.15,33.2,33.15,33.33
2022-11-25 10:00:00,HDC,33.95,34.0,34.1,33.85,33.8,33.53
2022-11-25 11:00:00,HDC,33.95,33.75,34.0,33.8,33.75,33.61
2022-11-25 13:00:00,HDC,33.75,34.3,34.3,33.75,33.7,33.69
2022-11-25 14:00:00,HDC,34.3,34.8,34.8,33.95,33.9,34.269999999999996
2022-11-28 09:00:00,HDC,35.9,36.1,36.45,35.6,35.5,35.64
2022-11-28 10:00:00,HDC,36.05,35.65,36.2,35.7,35.65,35.57
2022-11-28 11:00:00,HDC,35.6,35.5,35.95,35.55,35.5,35.4
2022-11-28 13:00:00,HDC,35.5,35.3,36.15,35.2,35.15,35.19
2022-11-28 14:00:00,HDC,35.3,34.5,35.6,34.0,33.0,34.2
2022-11-29 09:00:00,HDC,34.8,35.7,35.9,34.6,34.5,34.49
2022-11-29 10:00:00,HDC,35.7,34.5,35.8,34.35,34.3,34.1
2022-11-29 11:00:00,HDC,34.55,34.25,34.65,34.05,34.0,34.16
2022-11-29 13:00:00,HDC,34.2,34.6,34.9,33.9,33.85,34.16
2022-11-29 14:00:00,HDC,34.6,36.9,36.9,34.4,34.35,34.6
2022-11-30 09:00:00,HDC,37.5,36.7,37.5,36.55,36.5,36.55
2022-11-30 10:00:00,HDC,36.7,36.8,37.25,36.05,36.0,36.17
2022-11-30 11:00:00,HDC,36.7,36.0,36.7,36.05,36.0,36.05
2022-11-30 13:00:00,HDC,36.0,37.75,38.0,36.05,36.0,36.18
2022-11-30 14:00:00,HDC,37.75,37.0,37.8,37.05,37.0,37.01
2022-12-01 09:00:00,HDC,38.0,37.65,38.3,37.65,37.5,37.62
2022-12-01 10:00:00,HDC,37.75,38.0,38.95,37.75,37.7,37.52
2022-12-01 11:00:00,HDC,38.0,37.6,38.25,37.6,37.2,37.53
2022-12-01 13:00:00,HDC,37.3,35.7,38.0,35.1,35.05,36.12
2022-12-01 14:00:00,HDC,35.7,35.8,37.0,35.1,35.05,35.34
2022-12-02 09:00:00,HDC,35.3,35.5,35.8,35.15,35.1,35.14
2022-12-02 10:00:00,HDC,35.6,35.3,35.6,34.95,34.9,34.98
2022-12-02 11:00:00,HDC,35.25,35.35,35.7,35.3,35.25,35.15
2022-12-02 13:00:00,HDC,35.35,35.9,36.3,35.25,35.2,35.37
2022-12-02 14:00:00,HDC,35.95,38.3,38.3,35.95,35.9,36.09
2022-12-05 09:00:00,HDC,39.0,37.4,39.0,37.25,37.2,37.7
2022-12-05 10:00:00,HDC,37.4,37.45,37.85,37.35,37.3,37.2
2022-12-05 11:00:00,HDC,37.45,37.6,37.75,37.2,37.0,37.19
2022-12-05 13:00:00,HDC,37.35,37.7,38.5,37.05,37.0,36.99
2022-12-05 14:00:00,HDC,37.65,36.1,37.7,36.8,36.1,36.49
2022-12-06 09:00:00,HDC,35.4,35.8,36.5,35.5,35.4,35.5
2022-12-06 10:00:00,HDC,35.8,35.0,35.9,34.9,34.8,34.83
2022-12-06 11:00:00,HDC,35.0,35.3,35.8,35.05,35.0,35.05
2022-12-06 13:00:00,HDC,35.2,34.55,35.5,34.55,34.5,34.11
2022-12-06 14:00:00,HDC,34.55,33.6,35.0,33.65,33.6,33.71
2022-12-07 09:00:00,HDC,33.4,33.0,33.5,32.7,32.6,32.61
2022-12-07 10:00:00,HDC,33.0,31.9,33.0,31.55,31.5,31.56
2022-12-07 11:00:00,HDC,31.9,32.5,33.0,31.95,31.9,31.8
2022-12-07 13:00:00,HDC,32.15,32.0,32.95,31.85,31.8,31.830000000000002
2022-12-07 14:00:00,HDC,31.95,31.25,32.0,31.3,31.25,31.34
2022-12-08 09:00:00,HDC,31.55,33.25,33.4,31.7,31.55,31.48
2022-12-08 10:00:00,HDC,33.25,33.4,33.4,33.15,33.05,33.0
2022-12-08 11:00:00,HDC,33.4,33.4,33.4,33.25,33.2,33.22
2022-12-08 13:00:00,HDC,33.4,33.4,33.4,33.4,33.4,33.18
2022-12-08 14:00:00,HDC,33.4,33.4,33.4,32.8,32.7,32.9
2022-12-09 09:00:00,HDC,34.0,33.45,34.45,33.45,33.4,33.36
2022-12-09 10:00:00,HDC,33.45,33.0,33.45,32.7,32.55,32.69
2022-12-09 11:00:00,HDC,32.95,33.2,33.45,32.7,32.65,32.55
2022-12-09 13:00:00,HDC,33.0,32.8,33.6,32.9,32.8,32.589999999999996
2022-12-09 14:00:00,HDC,32.9,33.0,33.35,32.75,32.7,32.589999999999996
2022-12-12 09:00:00,HDC,33.5,34.3,34.3,33.25,33.2,33.35
2022-12-12 10:00:00,HDC,34.3,34.4,35.0,34.25,34.2,34.15
2022-12-12 11:00:00,HDC,34.4,34.15,34.45,34.15,34.05,34.1
2022-12-12 13:00:00,HDC,34.15,33.5,34.15,33.55,33.5,33.42
2022-12-12 14:00:00,HDC,33.6,31.5,33.7,31.8,31.5,31.759999999999998
2022-12-13 09:00:00,HDC,31.6,31.8,32.3,31.15,31.1,31.12
2022-12-13 10:00:00,HDC,31.8,31.9,31.95,31.4,31.35,31.63
2022-12-13 11:00:00,HDC,31.9,31.7,31.9,31.5,31.45,31.68
2022-12-13 13:00:00,HDC,31.7,32.0,32.35,31.55,31.5,31.4
2022-12-13 14:00:00,HDC,32.0,33.0,33.05,31.5,31.45,31.6
2022-12-14 09:00:00,HDC,33.55,33.3,33.6,33.35,33.3,33.19
2022-12-14 10:00:00,HDC,33.3,33.3,33.45,33.1,33.05,33.07
2022-12-14 11:00:00,HDC,33.05,33.35,33.4,33.1,33.05,32.99
2022-12-14 13:00:00,HDC,33.3,33.35,33.5,33.15,33.1,33.07
2022-12-14 14:00:00,HDC,33.35,34.1,34.4,33.3,33.2,33.23
2022-12-15 09:00:00,HDC,34.2,35.3,35.5,34.5,34.2,34.42
2022-12-15 10:00:00,HDC,35.3,34.8,35.35,34.85,34.8,34.74
2022-12-15 11:00:00,HDC,34.85,34.8,34.9,34.85,34.8,34.53
2022-12-15 13:00:00,HDC,34.75,35.55,35.55,34.6,34.55,34.550000000000004
2022-12-15 14:00:00,HDC,35.55,35.6,35.6,34.95,34.9,35.1
2022-12-16 09:00:00,HDC,35.6,35.5,35.9,34.9,34.8,34.88
2022-12-16 10:00:00,HDC,35.5,35.4,35.9,35.3,35.2,35.2
2022-12-16 11:00:00,HDC,35.4,35.0,35.5,35.05,35.0,34.949999999999996
2022-12-16 13:00:00,HDC,35.0,35.5,35.6,35.0,34.95,34.99
2022-12-16 14:00:00,HDC,35.5,35.35,35.75,35.45,35.35,35.25
2022-12-19 09:00:00,HDC,35.9,35.7,35.9,35.55,35.5,35.49
2022-12-19 10:00:00,HDC,35.7,35.6,35.75,35.55,35.5,35.39
2022-12-19 11:00:00,HDC,35.55,35.4,35.55,35.4,35.35,35.300000000000004
2022-12-19 13:00:00,HDC,35.35,34.3,35.35,34.05,34.0,34.06
2022-12-19 14:00:00,HDC,34.45,32.9,34.9,33.2,32.9,33.38
2022-12-20 09:00:00,HDC,32.5,32.15,33.2,32.1,32.0,32.12
2022-12-20 10:00:00,HDC,32.1,32.0,32.35,31.55,31.5,31.59
2022-12-20 11:00:00,HDC,32.05,31.15,32.1,31.05,31.0,31.04
2022-12-20 13:00:00,HDC,31.15,31.0,31.55,30.85,30.8,30.81
2022-12-20 14:00:00,HDC,31.0,32.0,32.3,31.05,31.0,30.990000000000002
2022-12-21 09:00:00,HDC,32.1,31.75,32.45,31.35,31.3,31.38
2022-12-21 10:00:00,HDC,31.8,31.9,31.95,31.15,31.1,31.41
2022-12-21 11:00:00,HDC,31.8,31.3,31.8,31.35,31.3,31.29
2022-12-21 13:00:00,HDC,31.5,30.45,31.5,30.05,30.0,29.9
2022-12-21 14:00:00,HDC,30.4,29.85,31.35,29.85,29.8,29.74
2022-12-22 09:00:00,HDC,30.6,30.1,30.6,29.85,29.8,29.83
2022-12-22 10:00:00,HDC,30.1,29.85,30.25,29.85,29.8,29.86
2022-12-22 11:00:00,HDC,29.85,29.6,29.95,29.6,29.5,29.86
2022-12-22 13:00:00,HDC,29.6,29.4,29.85,29.05,29.0,29.19
2022-12-22 14:00:00,HDC,29.4,29.9,30.25,29.5,29.4,29.56
2022-12-23 09:00:00,HDC,29.8,30.2,30.2,29.75,29.6,29.779999999999998
2022-12-23 10:00:00,HDC,30.25,30.0,30.3,30.05,30.0,29.89
2022-12-23 11:00:00,HDC,30.0,30.3,30.35,30.0,29.9,29.94
2022-12-23 13:00:00,HDC,30.05,30.65,30.9,30.2,30.05,30.0
2022-12-23 14:00:00,HDC,30.65,30.5,31.2,30.6,30.5,30.509999999999998
2022-12-26 09:00:00,HDC,30.5,30.0,30.6,30.1,30.0,29.93
2022-12-26 10:00:00,HDC,30.1,30.1,30.3,29.9,29.85,29.95
2022-12-26 11:00:00,HDC,30.1,29.6,30.1,29.7,29.6,29.76
2022-12-26 13:00:00,HDC,29.6,28.65,29.6,28.55,28.5,28.89
2022-12-26 14:00:00,HDC,28.7,28.4,28.7,28.45,28.4,28.38
2022-12-27 09:00:00,HDC,28.0,28.4,28.6,28.4,28.0,28.33
2022-12-28 09:00:00,HDC,30.1,29.85,30.15,29.9,29.85,29.810000000000002
2022-12-28 10:00:00,HDC,29.85,29.85,30.0,29.6,29.55,29.8
2022-12-28 11:00:00,HDC,29.95,29.8,30.0,29.9,29.8,29.87
2022-12-28 13:00:00,HDC,29.7,29.9,29.95,29.7,29.65,29.81
2022-12-28 14:00:00,HDC,29.9,30.2,30.3,29.9,29.85,29.88
2022-12-29 09:00:00,HDC,30.15,30.25,31.0,29.9,29.8,29.89
2022-12-29 10:00:00,HDC,30.25,30.2,30.5,30.1,30.05,29.98
2022-12-29 11:00:00,HDC,30.2,29.95,30.2,30.0,29.95,29.93
2022-12-29 13:00:00,HDC,29.9,29.9,30.0,29.7,29.65,29.759999999999998
2022-12-29 14:00:00,HDC,30.0,29.55,30.3,30.0,29.55,29.79
2022-12-30 09:00:00,HDC,29.95,29.8,30.0,29.6,29.55,29.62
2022-12-30 10:00:00,HDC,29.8,29.25,29.8,29.05,29.0,29.19
2022-12-30 11:00:00,HDC,29.25,29.6,29.65,29.3,29.25,29.09
2022-12-30 13:00:00,HDC,29.35,29.1,29.55,29.2,29.1,29.1
2022-12-30 14:00:00,HDC,29.2,28.9,29.5,29.05,28.9,29.01
2023-01-03 09:00:00,HDC,29.5,30.0,30.15,29.15,29.0,29.439999999999998
2023-01-03 10:00:00,HDC,30.0,29.9,30.25,29.85,29.8,29.84
2023-01-03 11:00:00,HDC,29.95,30.15,30.2,30.0,29.95,29.87
2023-01-03 13:00:00,HDC,30.1,30.65,30.8,30.15,30.1,29.99
2023-01-03 14:00:00,HDC,30.65,30.9,30.9,30.65,30.6,30.47
2023-01-04 09:00:00,HDC,31.8,30.9,31.8,30.9,30.85,31.02
2023-01-04 10:00:00,HDC,30.9,31.0,31.3,30.95,30.9,30.75
2023-01-04 11:00:00,HDC,30.9,30.9,30.9,30.9,30.9,30.7
2023-01-04 13:00:00,HDC,30.9,31.0,31.05,30.95,30.9,30.8
2023-01-04 14:00:00,HDC,30.9,30.9,31.0,30.85,30.8,30.82
2023-01-05 09:00:00,HDC,30.9,30.7,31.0,30.75,30.7,30.72
2023-01-05 10:00:00,HDC,30.8,30.65,31.0,30.6,30.5,30.62
2023-01-05 11:00:00,HDC,30.65,30.5,30.7,30.55,30.5,30.49
2023-01-05 13:00:00,HDC,30.5,30.55,30.6,30.25,30.2,30.19
2023-01-05 14:00:00,HDC,30.5,30.8,30.9,30.45,30.4,30.39
2023-01-06 09:00:00,HDC,31.8,32.6,32.6,31.4,31.0,31.49
2023-01-06 10:00:00,HDC,32.55,32.4,32.8,32.45,32.4,32.26
2023-01-06 11:00:00,HDC,32.4,32.5,32.6,32.35,32.3,32.269999999999996
2023-01-06 13:00:00,HDC,32.4,32.1,32.5,31.85,31.8,31.88
2023-01-06 14:00:00,HDC,32.1,31.8,32.2,31.65,31.6,31.47
2023-01-09 09:00:00,HDC,32.0,31.85,32.2,31.75,31.65,31.54
2023-01-09 10:00:00,HDC,31.85,31.6,31.85,31.6,31.55,31.7
2023-01-09 11:00:00,HDC,31.55,31.5,31.6,31.55,31.5,31.36
2023-01-09 13:00:00,HDC,31.45,31.2,31.5,31.05,31.0,31.04
2023-01-09 14:00:00,HDC,31.15,31.5,31.6,31.15,31.1,31.04
2023-01-10 09:00:00,HDC,31.75,31.3,31.75,31.3,30.8,31.26
2023-01-10 10:00:00,HDC,30.85,30.7,31.0,30.55,30.5,30.54
2023-01-10 11:00:00,HDC,30.55,30.8,31.0,30.6,30.55,30.5
2023-01-10 13:00:00,HDC,30.65,31.0,31.45,30.65,30.6,30.74
2023-01-10 14:00:00,HDC,31.0,30.8,31.0,30.7,30.65,30.74
2023-01-11 09:00:00,HDC,30.8,31.15,31.5,30.9,30.8,30.81
2023-01-11 10:00:00,HDC,31.15,31.3,31.4,30.95,30.9,30.98
2023-01-11 11:00:00,HDC,31.2,31.0,31.2,31.0,30.9,30.82
2023-01-11 13:00:00,HDC,31.0,30.9,31.1,30.9,30.8,30.81
2023-01-11 14:00:00,HDC,30.8,30.65,30.8,30.6,30.5,30.56
2023-01-12 09:00:00,HDC,30.95,30.95,30.95,30.95,30.95,30.84
2023-01-13 09:00:00,HDC,31.0,30.85,31.2,30.8,30.7,30.75
2023-01-13 10:00:00,HDC,30.85,30.7,30.85,30.65,30.6,30.57
2023-01-13 11:00:00,HDC,30.7,30.7,30.8,30.65,30.6,30.54
2023-01-13 13:00:00,HDC,30.85,30.6,30.9,30.65,30.6,30.56
2023-01-13 14:00:00,HDC,30.6,30.4,30.65,30.45,30.4,30.39
2023-01-16 09:00:00,HDC,30.45,29.95,30.8,29.95,29.9,29.89
2023-01-16 10:00:00,HDC,29.95,29.8,30.0,29.75,29.7,29.67
2023-01-16 11:00:00,HDC,29.85,29.8,29.95,29.85,29.8,29.86
2023-01-16 13:00:00,HDC,29.85,29.95,30.1,29.7,29.65,29.62
2023-01-16 14:00:00,HDC,30.0,29.8,30.35,29.8,29.75,29.830000000000002
2023-01-17 09:00:00,HDC,29.6,30.4,30.55,29.65,29.6,29.59
2023-01-17 10:00:00,HDC,30.5,31.0,31.1,30.25,30.2,30.46
2023-01-17 11:00:00,HDC,31.0,30.55,31.0,30.6,30.55,30.56
2023-01-17 13:00:00,HDC,30.6,30.65,30.7,30.55,30.5,30.48
2023-01-17 14:00:00,HDC,30.65,30.7,30.7,30.55,30.5,30.54
2023-01-18 09:00:00,HDC,30.8,31.1,31.35,30.9,30.8,30.77
2023-01-18 10:00:00,HDC,31.05,31.1,31.1,30.85,30.8,30.87
2023-01-18 11:00:00,HDC,31.1,31.4,31.6,31.05,31.0,31.0
2023-01-18 13:00:00,HDC,31.4,31.5,31.65,31.35,31.3,31.31
2023-01-18 14:00:00,HDC,31.5,31.65,32.0,31.5,31.45,31.39
2023-01-19 09:00:00,HDC,31.85,31.85,31.95,31.7,31.65,31.7
2023-01-19 10:00:00,HDC,31.85,31.9,32.05,31.8,31.75,31.74
2023-01-19 11:00:00,HDC,31.85,31.75,31.85,31.8,31.75,31.74
2023-01-19 13:00:00,HDC,31.75,31.55,31.75,31.55,31.5,31.45
2023-01-19 14:00:00,HDC,31.6,31.7,31.7,31.45,31.4,31.41
2023-01-27 09:00:00,HDC,32.0,31.75,32.2,31.75,31.7,31.66
2023-01-27 10:00:00,HDC,31.75,31.75,31.75,31.6,31.55,31.69
2023-01-27 11:00:00,HDC,31.7,31.65,31.7,31.55,31.5,31.5
2023-01-27 13:00:00,HDC,31.65,31.4,31.7,31.45,31.4,31.31
2023-01-27 14:00:00,HDC,31.35,31.2,31.45,31.25,31.2,31.16
2023-01-30 09:00:00,HDC,31.4,31.5,31.5,31.0,30.95,31.02
2023-01-30 10:00:00,HDC,31.55,31.75,32.0,31.55,31.5,31.45
2023-01-30 11:00:00,HDC,31.75,33.35,33.35,31.8,31.75,31.51
2023-01-30 13:00:00,HDC,33.35,33.35,33.35,33.35,33.35,33.16
2023-01-30 14:00:00,HDC,33.35,33.35,33.35,33.35,33.3,33.35
2023-01-31 09:00:00,HDC,33.9,34.0,34.5,33.45,33.4,33.410000000000004
2023-01-31 10:00:00,HDC,34.0,33.5,34.45,33.4,33.35,33.33
2023-01-31 11:00:00,HDC,33.65,33.35,33.65,33.35,33.3,33.24
2023-01-31 13:00:00,HDC,33.3,33.15,33.5,32.95,32.9,32.89
2023-01-31 14:00:00,HDC,33.15,34.2,34.2,33.05,33.0,33.19
2023-02-01 09:00:00,HDC,34.5,34.05,34.5,34.05,34.0,34.11
2023-02-01 10:00:00,HDC,34.0,34.2,34.5,34.05,34.0,33.96
2023-02-01 11:00:00,HDC,34.2,34.1,34.2,34.05,34.0,33.97
2023-02-01 13:00:00,HDC,34.1,33.7,34.2,33.6,33.55,33.45
2023-02-01 14:00:00,HDC,33.65,31.85,33.7,31.9,31.85,31.86
2023-02-02 09:00:00,HDC,32.0,31.8,32.3,31.65,31.6,31.58
2023-02-02 10:00:00,HDC,31.8,31.8,31.9,31.55,31.5,31.51
2023-02-02 11:00:00,HDC,31.8,31.7,31.85,31.7,31.65,31.740000000000002
2023-02-02 13:00:00,HDC,31.55,31.3,31.65,30.75,30.7,30.89
2023-02-02 14:00:00,HDC,31.25,30.7,31.3,30.5,30.4,30.57
2023-02-03 09:00:00,HDC,30.8,31.15,31.4,30.9,30.8,30.75
2023-02-03 10:00:00,HDC,31.15,31.05,31.4,31.0,30.95,30.9
2023-02-03 11:00:00,HDC,31.05,31.0,31.1,31.0,30.95,30.87
2023-02-03 13:00:00,HDC,31.05,30.85,31.15,30.85,30.8,30.81
2023-02-03 14:00:00,HDC,30.85,30.6,31.05,30.55,30.5,30.53
2023-02-06 09:00:00,HDC,30.6,31.2,31.5,30.55,30.5,30.73
2023-02-06 10:00:00,HDC,31.2,31.4,31.5,31.05,31.0,31.01
2023-02-06 11:00:00,HDC,31.3,31.3,31.5,31.35,31.3,31.18
2023-02-06 13:00:00,HDC,31.3,30.9,31.4,30.9,30.85,30.83
2023-02-06 14:00:00,HDC,30.9,31.2,31.3,30.85,30.8,30.82
2023-02-07 09:00:00,HDC,31.25,31.5,31.6,31.15,31.1,31.07
2023-02-07 10:00:00,HDC,31.5,31.2,31.55,31.25,31.2,31.16
2023-02-07 11:00:00,HDC,31.15,31.0,31.25,31.0,30.95,30.88
2023-02-07 13:00:00,HDC,30.9,30.6,31.2,30.4,30.3,30.51
2023-02-07 14:00:00,HDC,30.6,30.15,30.9,30.15,30.1,30.06
2023-02-08 09:00:00,HDC,30.15,30.35,30.6,30.1,30.05,30.08
2023-02-08 10:00:00,HDC,30.35,30.05,30.45,30.1,30.05,29.97
2023-02-08 11:00:00,HDC,30.0,29.45,30.0,29.5,29.45,29.580000000000002
2023-02-08 13:00:00,HDC,29.45,30.0,30.1,29.0,28.95,29.2
2023-02-08 14:00:00,HDC,30.0,30.15,30.4,29.8,29.7,29.830000000000002
2023-02-09 09:00:00,HDC,30.15,30.15,30.25,29.8,29.7,29.86
2023-02-09 10:00:00,HDC,30.15,30.0,30.15,30.1,30.0,29.98
2023-02-09 11:00:00,HDC,30.0,30.0,30.05,29.9,29.85,29.87
2023-02-09 13:00:00,HDC,30.0,29.9,30.0,29.8,29.75,29.78
2023-02-09 14:00:00,HDC,29.9,29.4,29.9,29.5,29.4,29.53
2023-02-10 09:00:00,HDC,29.4,29.5,29.6,28.95,28.9,29.14
2023-02-10 10:00:00,HDC,29.55,29.6,29.85,29.6,29.55,29.46
2023-02-10 11:00:00,HDC,29.6,29.4,29.7,29.35,29.3,29.23
2023-02-10 13:00:00,HDC,29.4,29.4,29.65,29.25,29.2,29.16
2023-02-10 14:00:00,HDC,29.5,29.15,29.7,29.15,29.1,29.15
2023-02-13 09:00:00,HDC,28.8,28.3,28.8,28.35,28.3,28.37
2023-02-13 10:00:00,HDC,28.3,28.0,28.4,27.55,27.5,27.650000000000002
2023-02-13 11:00:00,HDC,28.1,28.0,28.1,27.6,27.55,27.740000000000002
2023-02-13 13:00:00,HDC,28.0,27.5,28.0,27.35,27.3,27.73
2023-02-13 14:00:00,HDC,27.5,27.4,28.2,27.35,27.3,27.5
2023-02-15 09:00:00,HDC,29.0,29.5,29.5,28.8,28.7,29.08
2023-02-15 10:00:00,HDC,29.45,29.95,30.3,29.5,29.45,29.419999999999998
2023-02-15 11:00:00,HDC,29.95,30.0,30.05,29.95,29.9,29.86
2023-02-15 13:00:00,HDC,29.9,29.95,30.1,29.8,29.75,29.759999999999998
2023-02-15 14:00:00,HDC,29.95,29.85,30.0,29.85,29.8,29.77
2023-02-16 09:00:00,HDC,29.9,29.85,30.1,29.7,29.65,29.66
2023-02-16 10:00:00,HDC,29.9,30.05,30.05,29.9,29.85,29.84
2023-02-16 11:00:00,HDC,30.05,30.0,30.15,30.0,29.9,29.91
2023-02-16 13:00:00,HDC,30.0,29.85,30.05,29.8,29.75,29.76
2023-02-16 14:00:00,HDC,29.75,30.2,30.2,29.8,29.75,29.78
2023-02-17 09:00:00,HDC,29.9,30.65,31.2,30.0,29.9,29.95
2023-02-17 10:00:00,HDC,30.6,30.25,30.6,30.2,30.1,30.15
2023-02-17 11:00:00,HDC,30.25,30.1,30.3,30.1,30.0,30.03
2023-02-17 13:00:00,HDC,30.0,30.3,30.5,29.95,29.9,29.87
2023-02-17 14:00:00,HDC,30.2,29.95,30.45,30.0,29.95,29.98
2023-02-20 09:00:00,HDC,29.6,31.1,31.2,29.95,29.6,30.01
2023-02-20 10:00:00,HDC,31.1,31.0,31.15,30.85,30.8,30.830000000000002
2023-02-20 11:00:00,HDC,31.0,31.0,31.0,31.0,30.95,30.9
2023-02-20 13:00:00,HDC,31.0,31.15,31.3,31.05,31.0,30.94
2023-02-20 14:00:00,HDC,31.15,31.5,31.5,31.15,31.1,31.060000000000002
2023-02-21 09:00:00,HDC,31.8,31.6,32.3,31.55,31.5,31.6
2023-02-21 10:00:00,HDC,31.6,31.5,31.65,31.55,31.5,31.47
2023-02-21 11:00:00,HDC,31.6,31.1,31.6,31.1,31.05,31.1
2023-02-21 13:00:00,HDC,31.1,31.4,31.5,31.05,31.0,31.02
2023-02-21 14:00:00,HDC,31.45,30.9,31.45,30.95,30.9,30.91
2023-02-22 09:00:00,HDC,30.5,30.2,30.6,30.0,29.95,30.0
2023-02-22 10:00:00,HDC,30.15,30.3,30.4,30.05,30.0,30.009999999999998
2023-02-22 11:00:00,HDC,30.3,30.15,30.3,30.15,30.1,30.05
2023-02-22 13:00:00,HDC,30.05,30.2,30.5,30.0,29.95,29.98
2023-02-22 14:00:00,HDC,30.2,29.5,30.8,29.95,29.5,29.79
2023-02-23 09:00:00,HDC,29.4,29.8,29.9,29.4,29.35,29.28
2023-02-23 10:00:00,HDC,29.8,29.95,30.05,29.7,29.65,29.669999999999998
2023-02-23 11:00:00,HDC,29.95,29.9,30.05,29.95,29.9,29.82
2023-02-23 13:00:00,HDC,29.9,29.6,29.9,29.3,29.2,29.49
2023-02-23 14:00:00,HDC,29.55,30.5,30.5,29.4,29.3,29.51
2023-02-24 09:00:00,HDC,30.75,30.45,30.75,30.3,30.1,30.34
2023-02-24 10:00:00,HDC,30.45,30.1,30.5,30.15,30.1,30.03
2023-02-24 11:00:00,HDC,30.2,29.95,30.2,30.0,29.95,29.95
2023-02-24 13:00:00,HDC,30.0,30.05,30.1,29.95,29.9,29.89
2023-02-24 14:00:00,HDC,30.05,30.05,30.2,29.95,29.9,29.89
2023-02-27 09:00:00,HDC,29.4,29.6,29.65,29.35,29.3,29.26
2023-02-27 10:00:00,HDC,29.65,30.0,30.1,29.65,29.6,29.62
2023-02-27 11:00:00,HDC,30.0,30.05,30.2,29.85,29.8,29.86
2023-02-27 13:00:00,HDC,30.05,30.3,30.35,29.95,29.9,29.919999999999998
2023-02-27 14:00:00,HDC,30.3,29.85,30.4,29.95,29.85,29.93
2023-02-28 09:00:00,HDC,30.0,30.3,30.4,30.1,30.0,29.93
2023-02-28 10:00:00,HDC,30.3,30.25,30.45,30.2,30.1,30.080000000000002
2023-02-28 11:00:00,HDC,30.25,30.2,30.35,30.25,30.2,30.080000000000002
2023-02-28 13:00:00,HDC,30.2,29.9,30.3,29.9,29.85,29.9
2023-02-28 14:00:00,HDC,29.9,30.1,30.1,30.0,29.9,29.89
2023-03-01 09:00:00,HDC,29.95,29.7,30.1,29.6,29.4,29.6
2023-03-01 10:00:00,HDC,29.6,30.3,30.3,29.6,29.5,29.53
2023-03-01 11:00:00,HDC,30.3,30.2,30.4,30.3,30.2,30.12
2023-03-01 13:00:00,HDC,30.2,30.05,30.3,30.05,30.0,30.0
2023-03-01 14:00:00,HDC,30.05,30.35,30.35,30.1,30.05,29.99
2023-03-02 09:00:00,HDC,30.45,30.3,30.45,30.35,30.3,30.2
2023-03-02 10:00:00,HDC,30.35,30.2,30.35,30.3,30.2,30.18
2023-03-02 11:00:00,HDC,30.2,30.3,30.3,30.15,30.1,30.1
2023-03-02 13:00:00,HDC,30.3,30.35,30.7,30.35,30.3,30.21
2023-03-02 14:00:00,HDC,30.35,30.3,30.45,30.35,30.3,30.2
2023-03-03 09:00:00,HDC,30.4,30.3,30.4,30.3,30.25,30.22
2023-03-03 10:00:00,HDC,30.3,30.15,30.3,30.2,30.15,30.14
2023-03-03 11:00:00,HDC,30.15,29.8,30.15,29.85,29.8,29.810000000000002
2023-03-03 13:00:00,HDC,29.7,30.2,30.3,29.6,29.5,29.57
2023-03-03 14:00:00,HDC,30.25,29.6,30.3,29.7,29.6,29.75
2023-03-06 09:00:00,HDC,30.4,31.1,31.2,30.45,30.4,30.45
2023-03-06 10:00:00,HDC,31.15,31.0,31.15,31.0,30.95,30.88
2023-03-06 11:00:00,HDC,30.95,30.95,31.0,31.0,30.95,30.93
2023-03-06 13:00:00,HDC,30.95,30.8,31.0,30.75,30.7,30.77
2023-03-06 14:00:00,HDC,30.8,29.85,30.8,30.0,29.85,29.92
2023-03-07 09:00:00,HDC,30.25,30.0,30.35,29.85,29.8,29.900000000000002
2023-03-07 10:00:00,HDC,30.05,30.15,30.3,30.05,30.0,29.919999999999998
2023-03-07 11:00:00,HDC,30.1,30.0,30.2,30.05,30.0,29.939999999999998
2023-03-07 13:00:00,HDC,30.0,30.3,30.3,30.0,29.9,29.97
2023-03-07 14:00:00,HDC,30.3,30.55,30.55,30.3,30.2,30.24
2023-03-08 09:00:00,HDC,30.5,30.4,30.5,30.25,30.2,30.23
2023-03-08 10:00:00,HDC,30.45,30.45,30.55,30.45,30.4,30.28
2023-03-08 11:00:00,HDC,30.45,30.5,30.55,30.45,30.4,30.279999999999998
2023-03-08 13:00:00,HDC,30.5,30.45,30.55,30.05,30.0,30.11
2023-03-08 14:00:00,HDC,30.5,30.55,30.9,30.5,30.45,30.49
2023-03-09 09:00:00,HDC,30.8,30.85,31.0,30.75,30.7,30.78
2023-03-09 10:00:00,HDC,30.85,31.25,31.45,30.85,30.8,30.77
2023-03-09 11:00:00,HDC,31.2,31.2,31.2,31.1,31.05,31.09
2023-03-09 13:00:00,HDC,31.2,30.9,31.2,30.95,30.9,30.88
2023-03-09 14:00:00,HDC,30.9,31.8,32.1,30.95,30.9,30.97
2023-03-10 09:00:00,HDC,31.4,31.45,31.8,31.4,31.35,31.4
2023-03-10 10:00:00,HDC,31.45,31.1,31.6,31.15,31.1,31.11
2023-03-10 11:00:00,HDC,31.1,31.05,31.2,31.1,31.05,30.96
2023-03-10 13:00:00,HDC,31.05,31.35,31.55,31.15,31.05,31.060000000000002
2023-03-10 14:00:00,HDC,31.35,31.2,31.4,31.25,31.2,31.21
2023-03-13 09:00:00,HDC,30.9,31.35,31.6,30.95,30.9,30.93
2023-03-13 10:00:00,HDC,31.3,31.5,31.7,31.3,31.25,31.23
2023-03-13 11:00:00,HDC,31.55,31.7,31.7,31.6,31.55,31.49
2023-03-13 13:00:00,HDC,31.7,31.4,31.7,31.35,31.3,31.25
2023-03-13 14:00:00,HDC,31.4,31.1,31.4,31.1,31.05,31.12
2023-03-14 09:00:00,HDC,31.1,30.75,31.1,30.75,30.7,30.71
2023-03-14 10:00:00,HDC,30.8,30.0,30.8,30.05,30.0,29.93
2023-03-14 11:00:00,HDC,30.05,30.0,30.05,29.55,29.5,29.61
2023-03-14 13:00:00,HDC,30.0,30.1,30.25,29.75,29.7,29.78
2023-03-14 14:00:00,HDC,30.1,29.85,30.1,29.8,29.75,29.79
2023-03-15 09:00:00,HDC,30.5,30.5,30.7,30.4,30.3,30.38
2023-03-15 10:00:00,HDC,30.4,30.9,31.0,30.5,30.4,30.43
2023-03-15 11:00:00,HDC,30.95,30.8,30.95,30.75,30.7,30.71
2023-03-15 13:00:00,HDC,30.95,31.3,31.45,30.9,30.8,30.84
2023-03-15 14:00:00,HDC,31.15,31.15,31.2,31.05,31.0,30.98
2023-03-16 09:00:00,HDC,30.3,30.6,30.85,30.35,30.3,30.240000000000002
2023-03-16 10:00:00,HDC,30.6,30.7,30.7,30.4,30.35,30.37
2023-03-16 11:00:00,HDC,30.55,30.45,30.55,30.5,30.45,30.4
2023-03-16 13:00:00,HDC,30.4,30.65,30.75,30.45,30.4,30.38
2023-03-16 14:00:00,HDC,30.6,30.35,30.75,30.4,30.35,30.35
2023-03-17 09:00:00,HDC,30.8,30.55,30.85,30.55,30.5,30.560000000000002
2023-03-17 10:00:00,HDC,30.55,30.35,30.55,30.4,30.35,30.349999999999998
2023-03-17 11:00:00,HDC,30.35,30.35,30.35,30.35,30.3,30.25
2023-03-17 13:00:00,HDC,30.3,30.55,30.55,30.35,30.3,30.3
2023-03-17 14:00:00,HDC,30.55,30.3,30.55,30.3,30.25,30.27
2023-03-20 09:00:00,HDC,30.3,30.5,30.6,30.2,30.15,30.21
2023-03-20 10:00:00,HDC,30.5,30.3,30.5,30.25,30.15,30.22
2023-03-20 11:00:00,HDC,30.3,30.3,30.4,30.35,30.3,30.25
2023-03-20 13:00:00,HDC,30.3,30.2,30.35,30.1,30.05,30.080000000000002
2023-03-20 14:00:00,HDC,30.2,29.9,30.25,30.0,29.9,29.95
2023-03-21 09:00:00,HDC,30.0,30.0,30.2,29.95,29.9,29.9
2023-03-21 10:00:00,HDC,30.0,30.1,30.2,30.05,30.0,29.95
2023-03-21 11:00:00,HDC,30.1,30.0,30.1,29.95,29.9,29.91
2023-03-21 13:00:00,HDC,30.0,30.35,30.35,30.0,29.95,29.95
2023-03-21 14:00:00,HDC,30.3,30.3,30.4,30.3,30.25,30.27
2023-03-22 09:00:00,HDC,30.55,30.5,30.55,30.5,30.4,30.4
2023-03-22 10:00:00,HDC,30.5,30.9,31.15,30.5,30.45,30.39
2023-03-22 11:00:00,HDC,30.9,31.3,31.4,30.95,30.9,30.82
2023-03-22 13:00:00,HDC,31.25,31.0,31.4,31.0,30.95,30.94
2023-03-22 14:00:00,HDC,30.95,30.85,31.1,30.85,30.8,30.78
2023-03-23 09:00:00,HDC,30.3,30.85,30.85,30.35,30.3,30.33
2023-03-23 10:00:00,HDC,30.85,30.85,31.0,30.85,30.8,30.8
2023-03-23 11:00:00,HDC,30.8,30.85,30.85,30.75,30.7,30.74
2023-03-23 13:00:00,HDC,30.8,31.3,31.3,30.85,30.8,30.82
2023-03-23 14:00:00,HDC,31.3,31.1,31.3,31.0,30.9,30.96
2023-03-24 09:00:00,HDC,31.35,31.1,31.35,31.15,31.1,31.09
2023-03-24 10:00:00,HDC,31.15,31.15,31.15,31.15,31.1,31.12
2023-03-24 11:00:00,HDC,31.1,31.1,31.15,31.15,31.1,31.03
2023-03-24 13:00:00,HDC,31.1,31.2,31.45,31.05,31.0,30.99
2023-03-24 14:00:00,HDC,31.2,31.1,31.4,31.15,31.1,31.02
